{"name":"7444668c-c570-481b-a55f-cfb9826015b8","id":"/providers/Microsoft.Flow/flows/7444668c-c570-481b-a55f-cfb9826015b8","type":"Microsoft.Flow/flows","properties":{"apiId":"/providers/Microsoft.PowerApps/apis/shared_logicflows","displayName":"CSG PIN","definition":{"metadata":{"workflowEntityId":null,"processAdvisorMetadata":null,"flowChargedByPaygo":null,"flowclientsuspensionreason":"None","flowclientsuspensiontime":null,"flowclientsuspensionreasondetails":null,"creator":{"id":"5ca9a723-598f-43f1-8c85-ad7b425165d4","type":"User","tenantId":"9242cfad-7d27-4710-9998-e8c4de90927e"},"provisioningMethod":"FromDefinition","failureAlertSubscription":true,"clientLastModifiedTime":"2025-10-09T14:43:27.8146305Z","connectionKeySavedTimeKey":"2025-10-09T14:43:27.8146305Z","creationSource":"Portal","modifiedSources":"Portal"},"$schema":"https://schema.management.azure.com/providers/Microsoft.Logic/schemas/2016-06-01/workflowdefinition.json#","contentVersion":"1.0.0.0","parameters":{"$authentication":{"defaultValue":{},"type":"SecureObject"},"$connections":{"defaultValue":{},"type":"Object"}},"triggers":{"When_an_item_is_created":{"recurrence":{"frequency":"Minute","interval":1},"splitOn":"@triggerOutputs()?['body/value']","metadata":{"operationMetadataId":"fdee1fcf-d5fb-405a-949f-6d8ec20b2bde"},"type":"OpenApiConnection","inputs":{"parameters":{"dataset":"https://libertypr.sharepoint.com/sites/B2B-Reports","table":"9b8223c3-276e-4ada-8854-6fd9be84f396"},"host":{"apiId":"/providers/Microsoft.PowerApps/apis/shared_sharepointonline","connectionName":"shared_sharepointonline","operationId":"GetOnNewItems"},"authentication":"@parameters('$authentication')"}}},"actions":{"Get_item":{"runAfter":{},"metadata":{"operationMetadataId":"53713f3c-43a5-4c99-a58f-e27e4ede054b"},"type":"OpenApiConnection","inputs":{"parameters":{"dataset":"https://libertypr.sharepoint.com/sites/B2B-Reports","table":"9b8223c3-276e-4ada-8854-6fd9be84f396","id":"@triggerBody()?['ID']"},"host":{"apiId":"/providers/Microsoft.PowerApps/apis/shared_sharepointonline","connectionName":"shared_sharepointonline","operationId":"GetItem"},"authentication":"@parameters('$authentication')"}},"Temporary_PIN_Creation":{"runAfter":{"Get_item":["Succeeded"]},"metadata":{"operationMetadataId":"4971ebad-ed95-4169-bcb4-e611a25e7329"},"type":"Compose","inputs":"@concat(string(add(100000, int(rand(0, 900000)))))"},"Array_for_PIN_Retrieve":{"runAfter":{"Temporary_PIN_Creation":["Succeeded"]},"metadata":{"operationMetadataId":"72689f5c-2ccc-41c5-b502-21462feb9f48"},"type":"Compose","inputs":"@createArray(outputs('Temporary_Pin_Creation'))"},"Create_CSV_table":{"runAfter":{"Array_for_PIN_Retrieve":["Succeeded"]},"metadata":{"operationMetadataId":"856bd9c7-8273-47f0-84d2-69ad6ee399e0"},"type":"Table","inputs":{"from":"@outputs('Array_for_PIN_Retrieve')","format":"CSV","columns":[{"header":"PIN","value":"@outputs('Array_for_PIN_Retrieve')"},{"header":"Authorized Name","value":"@outputs('Get_item')?['body/Authorizeduser']"},{"header":"Company Name","value":"@outputs('Get_item')?['body/Title']"},{"header":"Account Number","value":"@outputs('Get_item')?['body/AccountNumber']"},{"header":"Email","value":"@outputs('Get_item')?['body/Email']"}]}},"Create_file":{"runAfter":{"Create_CSV_table":["Succeeded"]},"metadata":{"operationMetadataId":"919e93db-17de-4dbd-9aae-1bd349a498a1"},"type":"OpenApiConnection","inputs":{"parameters":{"folderPath":"/source.lla/emarsys_lla","name":"PINReset.csv","body":"@body('Create_CSV_table')","ReadFileMetadataFromServer":true},"host":{"apiId":"/providers/Microsoft.PowerApps/apis/shared_sftpwithssh","connectionName":"shared_sftpwithssh","operationId":"CreateFile"},"authentication":"@parameters('$authentication')"},"runtimeConfiguration":{"contentTransfer":{"transferMode":"Chunked"}}},"Update_Assigned_PIN_":{"runAfter":{"Temporary_PIN_Creation":["Succeeded"]},"metadata":{"operationMetadataId":"5aa4da22-e96c-49e6-9761-9efb7f29523f"},"type":"OpenApiConnection","inputs":{"parameters":{"dataset":"https://libertypr.sharepoint.com/sites/B2B-Reports","table":"9b8223c3-276e-4ada-8854-6fd9be84f396","id":"@triggerBody()?['ID']","item/TemporaryPINAssigned":"@outputs('Temporary_PIN_Creation')"},"host":{"apiId":"/providers/Microsoft.PowerApps/apis/shared_sharepointonline","connectionName":"shared_sharepointonline","operationId":"PatchItem"},"authentication":"@parameters('$authentication')"}},"Compose":{"runAfter":{"Create_CSV_table":["Succeeded"]},"metadata":{"operationMetadataId":"2fea5e9e-07da-4a70-96bc-5da10b17cf59"},"type":"Compose","inputs":"</head>\n<body class=\"body\">\n<table cellspacing=\"0\" cellpadding=\"0\" width=\"100%\" height=\"100%\" style=\"min-width:100%;\" bgcolor=\"#f8f8f8\" class=\"gwfw olf\">\n<tr>\n<td width=\"100%\" align=\"center\" style=\"vertical-align:top;\">\n<table cellspacing=\"0\" cellpadding=\"0\" width=\"610\" class=\"ol610 fw\">\n<tr>\n<td style=\"padding:0 5px;\" class=\"iph\">\n<table cellspacing=\"0\" cellpadding=\"0\" width=\"600\" bgcolor=\"#ffffff\" class=\"ol600 fw\">\n<tr>\n<td height=\"20\"></td>\n</tr>\n<tr e-block-id=\"6324939c0e0a66d670000001\">\n<td bgcolor=\"#d7e022\" height=\"30\"></td>\n</tr>\n<tr class=\"mh\" e-block-id=\"634efa344f7bdb4109000001\">\n<td bgcolor=\"#d7e022\">\n<table cellspacing=\"0\" cellpadding=\"0\" width=\"100%\">\n<tr>\n<td>\n<table cellpadding=\"0\" cellspacing=\"0\" width=\"100%\">\n<tr>\n<td width=\"20\"></td>\n<td align=\"center\" class=\"lh\" style=\"line-height: 1.2;\"><font e-editable=\"textA_1\" class=\"ff fs12 fc1\" style=\"font-family: 'Poppins', sans-serif; font-size: 12px; color: #000000; line-height: 1.2;\"><span style=\"color: #333333;\"><a e-editable=\"urlA_1\" href=\"\" target=\"_blank\" class=\"tlink\" e-block-id=\"634efa344f7bdb4109000001\" style=\"font-weight: normal; text-decoration: none; outline: none; color: #333333;\" rel=\"noopener\"><span class=\"tlinkf2\" style=\"font-family: 'Poppins', sans-serif; color: #616161; font-weight: normal; text-decoration: none; outline: none;\" data-link-attributes=\"%7B%22href%22:%22%22,%22target%22:%22_blank%22%7D\">View</span></a> <a e-editable=\"urlA_1\" href=\"\" target=\"_blank\" class=\"tlink\" e-block-id=\"634efa344f7bdb4109000001\" style=\"font-weight: normal; text-decoration: none; outline: none; color: #333333;\" rel=\"noopener\"><span class=\"tlinkf2\" style=\"font-family: 'Poppins', sans-serif; color: #616161; font-weight: normal; text-decoration: none; outline: none;\" data-link-attributes=\"%7B%22href%22:%22%22,%22target%22:%22_blank%22%7D\">this email in your browser.</span></a></span></font></td>\n<td width=\"20\"></td>\n</tr>\n</table>\n</td>\n</tr>\n<tr>\n<td height=\"30\"></td>\n</tr>\n</table>\n</td>\n</tr>\n<tr e-block-id=\"632493f50e0a66d670000005\">\n<td bgcolor=\"#ffffff\" height=\"28\"></td>\n</tr>\n<tr e-block-id=\"591adc7935bd574f770000cc\">\n<td bgcolor=\"#ffffff\">\n<table cellspacing=\"0\" cellpadding=\"0\" width=\"100%\">\n<tr>\n<td>\n<table cellpadding=\"0\" cellspacing=\"0\" width=\"100%\">\n<tr>\n<td width=\"20\"></td>\n<td align=\"left\"><a e-editable=\"image_urlA_1\" href=\"https://www.libertybusinesspr.com/\" target=\"_blank\" title=\"Liberty Business\" ems:notrack=\"true\" style=\"text-decoration: none; font-weight: normal; color: #000000;\"><img e-editable=\"imageA_1\" src=\"https://mail-lnk.libertypr.com/custloads/837621947/md_30338.png\" width=\"200\" border=\"0\" style=\"display: block; width: 200px;\" alt=\"Liberty\"></a></td>\n<td width=\"20\"></td>\n</tr>\n</table>\n</td>\n</tr>\n<tr>\n<td height=\"30\"></td>\n</tr>\n</table>\n</td>\n</tr>\n<tr e-block-id=\"63cad215b7c234084f000001\">\n<td bgcolor=\"#0098ff\" height=\"10\"></td>\n</tr><tr e-block-id=\"65369a93538ec33fe3000001\">\n<td bgcolor=\"#ffffff\" height=\"30\"></td>\n</tr><tr e-block-id=\"632494f40e0a66d670000007\">\n<td bgcolor=\"#ffffff\" style=\"padding:0 45px;\">\n<table cellpadding=\"0\" cellspacing=\"0\" width=\"100%\">\n<tr>\n<td align=\"left\" class=\"lh15p la1a\" style=\"line-height: 1.5;\"><font e-editable=\"textC_1\" class=\"ff fs16 fc1 fwcustom\" style=\"font-family: 'Poppins', sans-serif; font-size: 16px; color: #000000; line-height: 1.5;\"><span style=\"font-size: 16px; color: #00cfff;\"><strong><span style=\"color: #000000;\">Hola @{outputs('Get_item')?['body/Title']}  </span> <span color=\"#00cfff\" style=\"color: #00cfff;\">,</span></strong></span><br><br>\n\n\n<span style=\"font-size: 16px;\">\nPara la cuenta: @{outputs('Get_item')?['body/AccountNumber']}, el código de acceso temporero es @{outputs('Temporary_PIN_Creation')}.<br>\nTendrá <em><span style=\"color: #ff0000;\"><strong>24 horas</strong></span></em> para oficializar su código de acceso.<br>\n\nLlame al <strong><span style=\"color: #00cfff;\">787-699-0000</span></strong> o marque <strong><span style=\"color: #00cfff;\">611</span> </strong>desde su teléfono móvil para hacer el cambio hoy mismo.&nbsp;&nbsp;\n&nbsp;<br><br>\n\n\n\nGracias por elegirnos,<br>\n\n\n</span><span style=\"color: #0098ff;\"><strong><span style=\"font-size: 20px;\">Liberty Business</span></strong></span><br>\n\n<a href=\"https://www.libertybusinesspr.com/\" target=\"_blank\" rel=\"noopener\" ems:notrack=\"true\" title=\"www.libertybusinesspr.com\" style=\"font-weight: normal; text-decoration: underline; color: #0098ff;\"><span style=\"color: #0098ff;\">www.libertybusinesspr.com</span></a></font></td>\n</tr>\n<tr>\n<td height></td>\n</tr>\n</table>\n</td>\n</tr><tr e-block-id=\"632496230e0a66d67000000a\">\n<td bgcolor=\"#ffffff\" height=\"60\"></td>\n</tr><tr e-block-id=\"6324966a0e0a66d67000000b\">\n<td bgcolor=\"#005aff\" height=\"20\"></td>\n</tr>\n<tr e-block-id=\"634efbe6ae5aec7f62000002\">\n<td bgcolor=\"#005aff\" align=\"center\">\n<table cellspacing=\"0\" cellpadding=\"0\" class=\"comt\">\n<tr>\n<td width=\"20\"></td>\n<td class=\"mwn vam\" style=\"vertical-align: middle;\" valign=\"middle\"><a e-editable=\"image_urlA_1\" href=\"https://www.libertybusinesspr.com/\" target=\"_blank\" title=\"www.libertybusinesspr.com\" style=\"text-decoration: none; font-weight: normal; color: #000000;\"><img e-editable=\"imageA_1\" src=\"https://mail-lnk.libertypr.com/custloads/837621947/md_30339.png\" width=\"160\" border=\"0\" style=\"display: block; width: 160px;\" alt=\"Icon1\"></a></td>\n<td width=\"200\"></td>\n<td class=\"mwn vam\" style=\"vertical-align: middle;\" valign=\"middle\"><a e-editable=\"image_urlA_2\" href=\"https://www.facebook.com/LibertyBusiness/\" target=\"_blank\" title=\"Facebook\" ems:notrack=\"true\" style=\"text-decoration: none; font-weight: normal; color: #000000;\"><img e-editable=\"imageA_2\" src=\"https://mail-lnk.libertypr.com/custloads/837621947/md_24181.png\" width=\"20\" border=\"0\" style=\"display:block;\" alt=\"Icon2\"></a></td>\n<td width=\"20\"></td>\n<td class=\"mwn vam\" style=\"vertical-align: middle;\" valign=\"middle\"><a e-editable=\"image_urlA_4\" href=\"https://www.instagram.com/libertybusinesspr/\" target=\"_blank\" title=\"Instagram\" ems:notrack=\"true\" style=\"text-decoration: none; font-weight: normal; color: #000000;\"><img e-editable=\"imageA_4\" src=\"https://mail-lnk.libertypr.com/custloads/837621947/md_24179.png\" width=\"20\" border=\"0\" style=\"display:block;\" alt=\"Icon4\"></a></td>\n<td width=\"20\"></td>\n<td class=\"mwn vam\" style=\"vertical-align: middle;\" valign=\"middle\"><a e-editable=\"image_urlA_5\" href=\"https://www.youtube.com/channel/UCq0dvTWqwHwU5ayLqM1ddGQ\" target=\"_blank\" title=\"YouTube\" ems:notrack=\"true\" style=\"text-decoration: none; font-weight: normal; color: #000000;\"><img e-editable=\"imageA_5\" src=\"https://mail-lnk.libertypr.com/custloads/837621947/md_24178.png\" width=\"20\" border=\"0\" style=\"display:block;\" alt=\"Icon5\"></a></td>\n<td width=\"20\"></td>\n<td class=\"mwn vam\" style=\"vertical-align: middle;\" valign=\"middle\"><a e-editable=\"image_urlA_6\" href=\"https://www.linkedin.com/company/libertybusiness/?original_referer=\" target=\"_blank\" title=\"Linkedin\" ems:notrack=\"true\" style=\"text-decoration: none; font-weight: normal; color: #000000;\"><img e-editable=\"imageA_6\" src=\"https://mail-lnk.libertypr.com/custloads/837621947/md_24182.png\" width=\"20\" border=\"0\" style=\"display:block;\" alt=\"Icon6\"></a></td>\n<td width=\"20\"></td>\n</tr>\n</table>\n</td>\n</tr>\n<tr e-block-id=\"634efbe6ae5aec7f62000002\">\n<td bgcolor=\"#005aff\" height=\"30\"></td>\n</tr>\n<tr e-block-id=\"632495790e0a66d670000008\">\n<td bgcolor=\"#005aff\">\n<table cellpadding=\"0\" cellspacing=\"0\" width=\"100%\">\n<tr>\n<td width=\"20\"></td>\n<td>\n<table cellpadding=\"0\" cellspacing=\"0\" width=\"100%\">\n<tr>\n<td height=\"2\" bgcolor=\"#d7e022\"></td>\n</tr>\n<tr>\n<td height=\"3\"></td>\n</tr>\n</table>\n</td>\n<td width=\"20\"></td>\n</tr>\n</table>\n</td>\n</tr>\n<tr e-block-id=\"632499cd146b4f6b1f000001\">\n<td bgcolor=\"#005aff\">\n<table cellspacing=\"0\" cellpadding=\"0\" width=\"100%\">\n<tr>\n<td width=\"20\"></td>\n<td>\n<table cellspacing=\"0\" cellpadding=\"0\" width=\"100%\">\n<tr>\n<td height=\"30\"></td>\n</tr>\n<tr>\n<td align=\"center\" class=\"lh la1a\" style=\"line-height: 1.2;\"><font e-editable=\"textA_1\" class=\"ff fs12 fc1 small\" style=\"font-family: 'Poppins', sans-serif; font-size: 12px; color: #000000; line-height: 1.2;\"><span style=\"color: #ffffff;\">&#xa9; Trademark 2023 Liberty PR. Todos los derechos reservados Liberty y el logo de\nLiberty son marcas registradas de Liberty Communications of Puerto Rico LLC</span></font></td>\n</tr>\n<tr>\n<td height=\"30\"></td>\n</tr>\n</table>\n</td>\n<td width=\"20\"></td>\n</tr>\n</table>\n</td>\n</tr>\n</table>\n</td>\n</tr>\n</table>\n</td>\n</tr>\n</table>\n<div style=\"display:none; white-space:nowrap; font:15px courier; line-height:0;\">&nbsp; &nbsp; &nbsp; &nbsp; &nbsp; &nbsp; &nbsp; &nbsp; &nbsp; &nbsp; &nbsp; &nbsp; &nbsp; &nbsp; &nbsp; &nbsp; &nbsp; &nbsp; &nbsp; &nbsp; &nbsp; &nbsp; &nbsp; &nbsp; &nbsp; &nbsp; &nbsp; &nbsp; &nbsp; &nbsp;</div>\n<img src=\"https://mail-lnk.libertypr.com/mo/$uid$_837621947_83119_$llid$_$launchId$.gif\" height=\"2\" width=\"2\" border=\"0\" alt=\"\"></body>\n</html>"},"Send_an_email_(V2)":{"runAfter":{"Compose":["Succeeded"]},"metadata":{"operationMetadataId":"2d74d06b-4042-4875-be58-691da318cdef"},"type":"OpenApiConnection","inputs":{"parameters":{"emailMessage/To":"@outputs('Get_item')?['body/Email']","emailMessage/Subject":"TEST","emailMessage/Body":"<p class=\"editor-paragraph\">@{outputs('Compose')}</p>","emailMessage/From":"noreply.libertybusinesspr@libertypr.com","emailMessage/Importance":"Normal"},"host":{"apiId":"/providers/Microsoft.PowerApps/apis/shared_office365","connectionName":"shared_office365","operationId":"SendEmailV2"},"authentication":"@parameters('$authentication')"}},"Temporary_PIN_to_Agent":{"runAfter":{"Create_CSV_table":["Succeeded"]},"metadata":{"operationMetadataId":"4f8880d8-b9b3-406a-9327-c443a7ab27aa"},"type":"OpenApiConnection","inputs":{"parameters":{"poster":"Flow bot","location":"Chat with Flow bot","body/recipient":"@outputs('Get_item')?['body/Author/Email']","body/messageBody":"{\n    \"type\": \"AdaptiveCard\",\n    \"body\": [\n        {\n            \"type\": \"Image\",\n            \"url\": \"https://i.imgur.com/Aby0iSp.png\",\n            \"altText\": \"LibertyBusinessLogo\",\n            \"size\": \"Large\"\n        },\n        {\n            \"type\": \"TextBlock\",\n            \"size\": \"Medium\",\n            \"weight\": \"Bolder\",\n            \"text\": \"Wireline PIN Request\"\n        },\n        {\n            \"type\": \"ColumnSet\",\n            \"columns\": [\n                {\n                    \"type\": \"Column\",\n                    \"items\": [\n                        {\n                            \"type\": \"TextBlock\",\n                            \"weight\": \"Bolder\",\n                            \"text\": \"Requested by: @{outputs('Get_item')?['body/Author/DisplayName']}\",\n                            \"wrap\": true\n                        },\n                        {\n                            \"type\": \"TextBlock\",\n                            \"spacing\": \"None\",\n                            \"text\": \"Created @{formatDateTime(utcNow(),'MM/dd/yyyy')}\",\n                            \"isSubtle\": true,\n                            \"wrap\": true\n                        }\n                    ],\n                    \"width\": \"stretch\"\n                }\n            ]\n        },\n        {\n            \"type\": \"TextBlock\",\n            \"text\": \"A new Temporary PIN has been requested for: @{outputs('Get_item')?['body/Title']}.\",\n            \"wrap\": true\n        },\n        {\n            \"type\": \"FactSet\",\n            \"facts\": [\n                {\n                    \"title\": \"Temporary PIN:\",\n                    \"value\": \"@{outputs('Temporary_PIN_Creation')}\"\n                }\n            ]\n        }\n    ],\n    \"$schema\": \"https://adaptivecards.io/schemas/adaptive-card.json\",\n    \"version\": \"1.5\"\n}"},"host":{"apiId":"/providers/Microsoft.PowerApps/apis/shared_teams","connectionName":"shared_teams","operationId":"PostCardToConversation"},"authentication":"@parameters('$authentication')"}}},"outputs":{},"description":"When a customer need to reset o assign a PIN to de Wireline Account the Agent can validate with the questions and send a temporary PIN to de email that the customer have on CSG with this Temporary PIN Acting as an OTP tha agent could validate the customer and assign or reassign the customer PIN."},"connectionReferences":{"shared_sharepointonline":{"connectionName":"shared-sharepointonl-2726fb54-b952-45d4-a42a-c1d29ce055c8","source":"Embedded","id":"/providers/Microsoft.PowerApps/apis/shared_sharepointonline","tier":"NotSpecified","apiName":"sharepointonline","isProcessSimpleApiReferenceConversionAlreadyDone":false},"shared_sftpwithssh":{"connectionName":"d4d631a510ab411ca3b30868b9980128","source":"Embedded","id":"/providers/Microsoft.PowerApps/apis/shared_sftpwithssh","tier":"NotSpecified","apiName":"sftpwithssh","isProcessSimpleApiReferenceConversionAlreadyDone":false},"shared_office365":{"connectionName":"shared-office365-eec0af6b-bfd4-43b8-934a-90b3342f3cfe","source":"Embedded","id":"/providers/Microsoft.PowerApps/apis/shared_office365","tier":"NotSpecified","apiName":"office365","isProcessSimpleApiReferenceConversionAlreadyDone":false},"shared_teams":{"connectionName":"shared-teams-89a8e09e-8653-4455-b343-202683b333f2","source":"Embedded","id":"/providers/Microsoft.PowerApps/apis/shared_teams","tier":"NotSpecified","apiName":"teams","isProcessSimpleApiReferenceConversionAlreadyDone":false}},"flowFailureAlertSubscribed":false,"isManaged":false}}