{"name":"50d468f1-1448-4eb9-adb7-488a851e854e","id":"/providers/Microsoft.Flow/flows/50d468f1-1448-4eb9-adb7-488a851e854e","type":"Microsoft.Flow/flows","properties":{"apiId":"/providers/Microsoft.PowerApps/apis/shared_logicflows","displayName":"ProForma Invoice Send","definition":{"metadata":{"workflowEntityId":null,"processAdvisorMetadata":null,"flowChargedByPaygo":null,"flowclientsuspensionreason":"None","flowclientsuspensiontime":null,"flowclientsuspensionreasondetails":null,"creator":{"id":"5ca9a723-598f-43f1-8c85-ad7b425165d4","type":"User","tenantId":"9242cfad-7d27-4710-9998-e8c4de90927e"},"provisioningMethod":"FromDefinition","failureAlertSubscription":true,"clientLastModifiedTime":"2025-10-09T15:13:04.5733046Z","connectionKeySavedTimeKey":"2025-10-09T15:13:04.5733046Z","creationSource":null},"$schema":"https://schema.management.azure.com/providers/Microsoft.Logic/schemas/2016-06-01/workflowdefinition.json#","contentVersion":"1.0.0.0","parameters":{"$connections":{"defaultValue":{},"type":"Object"},"$authentication":{"defaultValue":{},"type":"SecureObject"}},"triggers":{"manual":{"metadata":{"operationMetadataId":"7d3aa09c-bb6e-4de5-9da6-2a5615b52966"},"type":"Request","kind":"Button","inputs":{"schema":{"type":"object","properties":{"file":{"description":"Please select file or image","title":"BatchNumber","type":"object","properties":{"name":{"type":"string"},"contentBytes":{"type":"string","format":"byte"}},"x-ms-content-hint":"FILE","x-ms-dynamically-added":true}},"required":["file"]}}}},"actions":{"List_rows_present_in_a_table":{"runAfter":{},"metadata":{"01KXH3ITPNVHYWPFXTNBA2PEPAU3446RBJ":"/Desktop/Bill TEST/Phase 1 Input/Batch 1.xlsx","tableId":"{7847AE73-C2B4-4FBD-9229-DDF06AF0634A}","operationMetadataId":"38d4d464-eeca-4bdc-9f3a-0730c7b5b5db","013JBHXDSFDCS52RAISNBYPAXQH35UP4TE":"/General/Batch 1/Emails2Send.xlsx"},"type":"OpenApiConnection","inputs":{"host":{"apiId":"/providers/Microsoft.PowerApps/apis/shared_excelonlinebusiness","connectionName":"shared_excelonlinebusiness","operationId":"GetItems"},"parameters":{"source":"sites/libertypr.sharepoint.com,60b431e1-1930-452d-9fa7-906fdd67e286,0d726c2d-ccfa-4916-b4d1-6a4e77bcdd92","drive":"b!4TG0YDAZLUWfp5Bv3Wfihi1scg36zBZJtNFqTne83ZK8mtnnzguQTJzJm7oc5qJL","file":"013JBHXDSFDCS52RAISNBYPAXQH35UP4TE","table":"{7847AE73-C2B4-4FBD-9229-DDF06AF0634A}"},"authentication":{"value":"@json(decodeBase64(triggerOutputs().headers['X-MS-APIM-Tokens']))['$ConnectionKey']","type":"Raw"}}},"Apply_to_each":{"foreach":"@outputs('List_rows_present_in_a_table')?['body/value']","actions":{"Get_files_(properties_only)":{"runAfter":{},"metadata":{"operationMetadataId":"269275b9-f436-49db-87dc-d21231796ca1"},"type":"OpenApiConnection","inputs":{"host":{"apiId":"/providers/Microsoft.PowerApps/apis/shared_sharepointonline","connectionName":"shared_sharepointonline","operationId":"GetFileItems"},"parameters":{"dataset":"https://libertypr.sharepoint.com/sites/ProformaSummaryLE","table":"e7d99abc-0bce-4c90-9cc9-9bba1ce6a24b","folderPath":"/Shared Documents/General/Completed Proforma Invoices per BCD","$filter":"Title eq '@{items('Apply_to_each')?['BANs not impacted']}.pdf'"},"authentication":{"value":"@json(decodeBase64(triggerOutputs().headers['X-MS-APIM-Tokens']))['$ConnectionKey']","type":"Raw"}}},"Apply_to_each_2":{"foreach":"@outputs('Get_files_(properties_only)')?['body/value']","actions":{"Get_file_metadata":{"runAfter":{},"metadata":{"operationMetadataId":"d64fe93b-dec8-4850-a585-679f661fd5dc"},"type":"OpenApiConnection","inputs":{"host":{"apiId":"/providers/Microsoft.PowerApps/apis/shared_sharepointonline","connectionName":"shared_sharepointonline","operationId":"GetFileMetadata"},"parameters":{"dataset":"https://libertypr.sharepoint.com/sites/ProformaSummaryLE","id":"@items('Apply_to_each_2')?['ID']"},"authentication":{"value":"@json(decodeBase64(triggerOutputs().headers['X-MS-APIM-Tokens']))['$ConnectionKey']","type":"Raw"}}},"Get_file_content":{"runAfter":{"Get_file_metadata":["Succeeded"]},"metadata":{"operationMetadataId":"5f49f20e-ad47-465e-99a4-a45e3b7235d5"},"type":"OpenApiConnection","inputs":{"host":{"apiId":"/providers/Microsoft.PowerApps/apis/shared_sharepointonline","connectionName":"shared_sharepointonline","operationId":"GetFileContent"},"parameters":{"dataset":"https://libertypr.sharepoint.com/sites/ProformaSummaryLE","id":"@outputs('Get_file_metadata')?['body/Id']","inferContentType":true},"authentication":{"value":"@json(decodeBase64(triggerOutputs().headers['X-MS-APIM-Tokens']))['$ConnectionKey']","type":"Raw"}}},"Send_an_email_(V2)":{"runAfter":{"Get_file_content":["Succeeded"]},"metadata":{"operationMetadataId":"fffd3325-53be-48b9-829b-827427e81e4f"},"type":"OpenApiConnection","inputs":{"host":{"apiId":"/providers/Microsoft.PowerApps/apis/shared_office365","connectionName":"shared_office365","operationId":"SendEmailV2"},"parameters":{"emailMessage/To":"obed.dejesus@libertypr.com","emailMessage/Subject":"Tesst","emailMessage/Body":"<p>Test</p>","emailMessage/Attachments":[{"Name":"@outputs('Get_file_metadata')?['body/DisplayName']","ContentBytes":"@body('Get_file_content')"}],"emailMessage/Importance":"Normal"},"authentication":{"value":"@json(decodeBase64(triggerOutputs().headers['X-MS-APIM-Tokens']))['$ConnectionKey']","type":"Raw"}}}},"runAfter":{"Get_files_(properties_only)":["Succeeded"]},"metadata":{"operationMetadataId":"2b24c956-eb87-42e7-adce-022687ffeb8e"},"type":"Foreach"}},"runAfter":{"Apply_to_each_3":["Succeeded"]},"metadata":{"operationMetadataId":"c5cf808f-ab5c-4a34-beaa-574f361bb6e8"},"type":"Foreach"},"Apply_to_each_3":{"foreach":"@outputs('List_rows_present_in_a_table')?['body/value']","actions":{"Get_a_row":{"runAfter":{},"metadata":{"013JBHXDSFDCS52RAISNBYPAXQH35UP4TE":"/General/Batch 1/Emails2Send.xlsx","operationMetadataId":"88a1a76f-4ca9-42e2-8831-2136815891c5","tableId":"{7847AE73-C2B4-4FBD-9229-DDF06AF0634A}"},"type":"OpenApiConnection","inputs":{"host":{"apiId":"/providers/Microsoft.PowerApps/apis/shared_excelonlinebusiness","connectionName":"shared_excelonlinebusiness","operationId":"GetItem"},"parameters":{"source":"groups/058e8a92-b714-4970-bbe5-bf0ddbd7b608","drive":"b!4TG0YDAZLUWfp5Bv3Wfihi1scg36zBZJtNFqTne83ZK8mtnnzguQTJzJm7oc5qJL","file":"013JBHXDSFDCS52RAISNBYPAXQH35UP4TE","table":"{7847AE73-C2B4-4FBD-9229-DDF06AF0634A}","idColumn":"BAN","id":"@items('Apply_to_each_3')?['BANs not impacted']"},"authentication":{"value":"@json(decodeBase64(triggerOutputs().headers['X-MS-APIM-Tokens']))['$ConnectionKey']","type":"Raw"}}},"Get_file_metadata_2":{"runAfter":{"Get_a_row":["Succeeded"]},"metadata":{"operationMetadataId":"c0c47b55-7d93-442e-9629-72abd667c10b"},"type":"OpenApiConnection","inputs":{"host":{"apiId":"/providers/Microsoft.PowerApps/apis/shared_sharepointonline","connectionName":"shared_sharepointonline","operationId":"GetFileMetadata"},"parameters":{"dataset":"https://libertypr.sharepoint.com/sites/ProformaSummaryLE","id":"@outputs('Get_a_row')?['body/BANs not impacted']"},"authentication":{"value":"@json(decodeBase64(triggerOutputs().headers['X-MS-APIM-Tokens']))['$ConnectionKey']","type":"Raw"}}}},"runAfter":{"List_rows_present_in_a_table":["Succeeded"]},"metadata":{"operationMetadataId":"2e2f64d0-9b26-4f1c-a9a1-51c64c924cef"},"type":"Foreach"}},"outputs":{},"description":"Send ProForma Invoice to customer once validated by the team"},"connectionReferences":{"shared_excelonlinebusiness":{"connectionName":"shared-excelonlinebu-b18b876c-572a-4567-86a6-1036ea538274","source":"Invoker","id":"/providers/Microsoft.PowerApps/apis/shared_excelonlinebusiness","tier":"NotSpecified","apiName":"excelonlinebusiness","isProcessSimpleApiReferenceConversionAlreadyDone":false},"shared_sharepointonline":{"connectionName":"shared-sharepointonl-2726fb54-b952-45d4-a42a-c1d29ce055c8","source":"Invoker","id":"/providers/Microsoft.PowerApps/apis/shared_sharepointonline","tier":"NotSpecified","apiName":"sharepointonline","isProcessSimpleApiReferenceConversionAlreadyDone":false},"shared_office365":{"connectionName":"shared-office365-68507e49-1086-48cd-b7f8-f87ef716c9aa","source":"Invoker","id":"/providers/Microsoft.PowerApps/apis/shared_office365","tier":"NotSpecified","apiName":"office365","isProcessSimpleApiReferenceConversionAlreadyDone":false}},"flowFailureAlertSubscribed":false,"isManaged":false}}