{"name":"a2a9b76a-789b-4bae-b4b3-041ac6995481","id":"/providers/Microsoft.Flow/flows/a2a9b76a-789b-4bae-b4b3-041ac6995481","type":"Microsoft.Flow/flows","properties":{"apiId":"/providers/Microsoft.PowerApps/apis/shared_logicflows","displayName":"Inventory update From Kary","definition":{"metadata":{"workflowEntityId":null,"processAdvisorMetadata":null,"flowChargedByPaygo":null,"flowclientsuspensionreason":"None","flowclientsuspensiontime":null,"flowclientsuspensionreasondetails":null,"creator":{"id":"5ca9a723-598f-43f1-8c85-ad7b425165d4","type":"User","tenantId":"9242cfad-7d27-4710-9998-e8c4de90927e"},"provisioningMethod":"FromDefinition","failureAlertSubscription":true,"clientLastModifiedTime":"2025-10-09T13:08:36.1574846Z","connectionKeySavedTimeKey":"2025-10-09T13:08:36.1574846Z","creationSource":null,"modifiedSources":"Portal"},"$schema":"https://schema.management.azure.com/providers/Microsoft.Logic/schemas/2016-06-01/workflowdefinition.json#","contentVersion":"1.0.0.0","parameters":{"$authentication":{"defaultValue":{},"type":"SecureObject"},"$connections":{"defaultValue":{},"type":"Object"}},"triggers":{"Se_recibe_e-mail_con_filtros":{"splitOn":"@triggerOutputs()?['body/value']","metadata":{"operationMetadataId":"9a6e0ae1-4e71-48e2-baf8-bd8c38e38055","Id::AAMkAGFkNmZlYzllLWM3NzEtNGRkYS1iYzk0LTQyZDc4YmU1YzljZQAuAAAAAAA4VjYHhnerRaAiCPcGMnq_AQCqN5BKgKYnQ54cOMtIkFQMAAAAAAEMAAA=":"Inbox","Id::AAMkAGFkNmZlYzllLWM3NzEtNGRkYS1iYzk0LTQyZDc4YmU1YzljZQAuAAAAAAA4VjYHhnerRaAiCPcGMnq_AQCqN5BKgKYnQ54cOMtIkFQMAAACE47OAAA=":"Bryan Olivary (Boss)","Id::AAMkAGFkNmZlYzllLWM3NzEtNGRkYS1iYzk0LTQyZDc4YmU1YzljZQAuAAAAAAA4VjYHhnerRaAiCPcGMnq_AQCqN5BKgKYnQ54cOMtIkFQMAAACxFdYAAA=":"Reporting"},"type":"OpenApiConnectionNotification","inputs":{"parameters":{"from":"maggy.rodriguez@libertypr.com;obed.dejesus@libertypr.com","includeAttachments":true,"subjectFilter":"Reporte DTC Inventory","importance":"Any","fetchOnlyWithAttachment":true,"folderPath":"Id::AAMkAGFkNmZlYzllLWM3NzEtNGRkYS1iYzk0LTQyZDc4YmU1YzljZQAuAAAAAAA4VjYHhnerRaAiCPcGMnq_AQCqN5BKgKYnQ54cOMtIkFQMAAAAAAEMAAA="},"host":{"apiId":"/providers/Microsoft.PowerApps/apis/shared_office365","connectionName":"shared_office365","operationId":"OnNewEmailV3"},"authentication":"@parameters('$authentication')"},"description":"El email contiene los siguientes filtros\n-Sender\n-Included Attachaments - YES\n-Subject Filter\n-Only with Attachments - Yes"}},"actions":{"For_each":{"foreach":"@triggerOutputs()?['body/attachments']","actions":{"Condition":{"actions":{"Get_Attachment_(V2)":{"metadata":{"operationMetadataId":"0ebb91be-a7c6-4678-b2ad-027f34206b3a"},"type":"OpenApiConnection","inputs":{"parameters":{"messageId":"@triggerOutputs()?['body/id']","attachmentId":"@item()?['id']"},"host":{"apiId":"/providers/Microsoft.PowerApps/apis/shared_office365","connectionName":"shared_office365","operationId":"GetAttachment_V2"},"authentication":"@parameters('$authentication')"}},"Create_file":{"runAfter":{"Get_Attachment_(V2)":["Succeeded"]},"metadata":{"operationMetadataId":"fd5745cd-43fa-40f9-9c31-1a14f16b7fcf"},"type":"OpenApiConnection","inputs":{"parameters":{"dataset":"https://libertypr.sharepoint.com/sites/B2BUpgrade","folderPath":"/Shared Documents/Inventory","name":"WareHouseInventory@{formatDateTime(utcNow(),'MM/dd/yyyy')}.xlsx","body":"@outputs('Get_Attachment_(V2)')?['body/contentBytes']"},"host":{"apiId":"/providers/Microsoft.PowerApps/apis/shared_sharepointonline","connectionName":"shared_sharepointonline","operationId":"CreateFile"},"authentication":"@parameters('$authentication')"},"runtimeConfiguration":{"contentTransfer":{"transferMode":"Chunked"}}},"Delay":{"runAfter":{"Create_file":["Succeeded"]},"metadata":{"operationMetadataId":"8014537a-1e5f-46db-b96d-ce2f738e5ae8"},"type":"Wait","inputs":{"interval":{"count":10,"unit":"Second"}}},"Run_script":{"runAfter":{"Delay":["Succeeded"]},"metadata":{"01FM2EKSTRMOOOWLEJ2RBZCQVZXUVMLSA5":"/Inventory/Inventory_From_Kary.xlsx","tableId":null,"operationMetadataId":"de74c12d-3ea4-4885-b0d8-e5b081d37088"},"type":"OpenApiConnection","inputs":{"parameters":{"source":"groups/69245a87-42b3-4c54-bc6c-44d7f529da9e","drive":"b!Ml6MEC7iUU6--9AHUYvBM0NCqhDVJiFFlhTh0tmTVJ0jWJfxivcNQqYeTtDJhETZ","file":"@outputs('Create_file')?['body/Path']","scriptId":"ms-officescript%3A%2F%2Fonedrive_business_itemlink%2F01KXH3ITLW2JRRHICEQNAJYVO7RZSY2L6O"},"host":{"apiId":"/providers/Microsoft.PowerApps/apis/shared_excelonlinebusiness","connectionName":"shared_excelonlinebusiness","operationId":"RunScriptProd"},"authentication":"@parameters('$authentication')"}},"Get_file_content":{"runAfter":{"Run_script":["Succeeded"]},"metadata":{"%252fShared%2bDocuments%252fInventory%252fWareHouseInventory07_01_2024.xlsx":"/Shared Documents/Inventory/WareHouseInventory07_01_2024.xlsx","operationMetadataId":"e512d75f-3dc2-4713-843f-f4fb0df15a5c"},"type":"OpenApiConnection","inputs":{"parameters":{"dataset":"https://libertypr.sharepoint.com/sites/B2BUpgrade","id":"@outputs('Create_file')?['body/Id']","inferContentType":true},"host":{"apiId":"/providers/Microsoft.PowerApps/apis/shared_sharepointonline","connectionName":"shared_sharepointonline","operationId":"GetFileContent"},"authentication":"@parameters('$authentication')"}},"List_rows_present_in_a_table":{"runAfter":{"Get_file_content":["Succeeded"]},"metadata":{"01FM2EKSTRMOOOWLEJ2RBZCQVZXUVMLSA5":"/Inventory/Inventory_From_Kary.xlsx","tableId":"Inv","operationMetadataId":"9d9ea0a5-b962-441a-9037-be2a33f2ef82","01FM2EKSRBSTNMBWDF6JHYVPCX62F6A3GK":"/Inventory/WareHouseInventory07_03_2024.xlsx","01FM2EKSSOX4UJQJAYHVGJZHHC3545EQZ3":"/Inventory/WareHouseInventory07_03_2024.xlsx","01FM2EKSWTZT6ZNNCIY5HJBHGAAMBCFEUT":"/Inventory/WareHouseInventory07_03_2024.xlsx","01FM2EKSS2AKKHGM3A6RG2HR3UFJOH3WT2":"/Inventory/WareHouseInventory07_03_2024.xlsx","01FM2EKSQGBOGOR3STENFKPRQTO7WYRMGX":"/Inventory/WareHouseInventory07_03_2024.xlsx","01FM2EKSQBIZ6GBZ5HWJCICZ2GERIEYVJA":"/Inventory/WareHouseInventory07_03_2024.xlsx","01FM2EKSX4UZMC2CU3KVFZG7Z7Y54N72HH":"/Inventory/WareHouseInventory07_03_2024.xlsx","01FM2EKSQDKMPK7MRWNNCKFTQGTMSQQILQ":"/Inventory/WareHouseInventory07_03_2024.xlsx","01FM2EKSSPG3V3N72DFVBIV2ZBCB4KLXGZ":"/Inventory/WareHouseInventory07_03_2024.xlsx","01FM2EKSV4BM5OM6FZLVAZLI6XMGDJCUST":"/Inventory/WareHouseInventory07_03_2024.xlsx","01FM2EKSWLBZZMDCMYXFHLUHZCEN6DJULY":"/Inventory/WareHouseInventory07_03_2024.xlsx","01FM2EKSQVE5KONG5DSNEKP4N2XIWUSQLP":"/Inventory/WareHouseInventory07_03_2024.xlsx","01FM2EKSVK6DEQEXRXBJAYJIRXRBRBHHVJ":"/Inventory/WareHouseInventory07_03_2024.xlsx","01FM2EKSSHL6IDNSQSCZCJ5RJDAZMBBLK4":"/Inventory/WareHouseInventory07_03_2024.xlsx","01FM2EKSVWOFSVCFHRSFHLGBDXOT3DBW4M":"/Inventory/WareHouseInventory07_03_2024.xlsx","01FM2EKSQNLK2CPQ26DVAKAZCRAS2JYYPQ":"/Inventory/WareHouseInventory07_05_2024.xlsx","01FM2EKSV3OT76M6CENJAJWXNHMQLDPWIU":"/Inventory/WareHouseInventory07_05_2024.xlsx","01FM2EKSQBK4DDCVS3OJF2U2VLXQQERYRP":"/Inventory/WareHouseInventory07_05_2024.xlsx","01FM2EKSTEO27MYMYXLRHYNETHFKJTCRIQ":"/Inventory/WareHouseInventory07_05_2024.xlsx","01FM2EKSSLKOPIS665XZGIQFWGW6BXBZQC":"/Inventory/WareHouseInventory07_05_2024.xlsx","01FM2EKSWJVVIV2G4GB5HLSMUFY6OMDCFT":"/Inventory/WareHouseInventory07_05_20241.xlsx","01FM2EKSX5MGLGHTL7HRHLLNFOXZAWYKJ3":"/Inventory/WareHouseInventory11_18_2024.xlsx","01FM2EKSTMZXEA2Q2KPZAYQR3TBW65DNJF":"/Inventory/WareHouseInventory11_27_2024.xlsx"},"type":"OpenApiConnection","inputs":{"parameters":{"source":"groups/69245a87-42b3-4c54-bc6c-44d7f529da9e","drive":"b!Ml6MEC7iUU6--9AHUYvBM0NCqhDVJiFFlhTh0tmTVJ0jWJfxivcNQqYeTtDJhETZ","file":"@outputs('Create_file')?['body/Path']","table":"Inv","$top":75000},"host":{"apiId":"/providers/Microsoft.PowerApps/apis/shared_excelonlinebusiness","connectionName":"shared_excelonlinebusiness","operationId":"GetItems"},"authentication":"@parameters('$authentication')"},"runtimeConfiguration":{"paginationPolicy":{"minimumItemCount":5000}}},"Parse_JSON":{"runAfter":{"List_rows_present_in_a_table":["Succeeded"]},"type":"ParseJson","inputs":{"content":"@body('List_rows_present_in_a_table')","schema":{"type":"object","properties":{"body":{"type":"object","properties":{"value":{"type":"array","items":{"type":"object","properties":{"@@odata.etag":{"type":"string"},"ItemInternalId":{"type":"string"},"Category":{"type":"string"},"OEM":{"type":"string"},"Life Stage (11/4/2024)":{"type":"string"},"Model":{"type":"string"},"Product Category":{"type":"string"},"ATT SKU":{"type":"string"},"LIBERTY SKU":{"type":"string"},"Product Name":{"type":"string"},"Inventory \n(11/13/2024-5PM)":{"type":"string"}},"required":["@@odata.etag","ItemInternalId","Category","OEM","Life Stage (11/4/2024)","Model","Product Category","ATT SKU","LIBERTY SKU","Product Name","Inventory \n(11/13/2024-5PM)"]}}}}}}}},"Get_items":{"runAfter":{"Parse_JSON":["Succeeded"]},"metadata":{"operationMetadataId":"adfac696-04fe-4eb2-b5e1-1946be9b58ce"},"type":"OpenApiConnection","inputs":{"parameters":{"dataset":"https://libertypr.sharepoint.com/sites/B2BUpgrade","table":"060fc989-a9b6-4d93-976d-60b5f95811c0"},"host":{"apiId":"/providers/Microsoft.PowerApps/apis/shared_sharepointonline","connectionName":"shared_sharepointonline","operationId":"GetItems"},"authentication":"@parameters('$authentication')"},"runtimeConfiguration":{"paginationPolicy":{"minimumItemCount":5000}}},"Delete_Each_Item":{"foreach":"@outputs('Get_items')?['body/value']","actions":{"Delete_item":{"type":"OpenApiConnection","inputs":{"parameters":{"dataset":"https://libertypr.sharepoint.com/sites/B2BUpgrade","table":"060fc989-a9b6-4d93-976d-60b5f95811c0","id":"@items('Delete_Each_Item')?['ID']"},"host":{"apiId":"/providers/Microsoft.PowerApps/apis/shared_sharepointonline","connectionName":"shared_sharepointonline","operationId":"DeleteItem"},"authentication":"@parameters('$authentication')"}}},"runAfter":{"Get_items":["Succeeded"]},"type":"Foreach","runtimeConfiguration":{"concurrency":{"repetitions":50}}},"Create_Each_Item":{"foreach":"@outputs('List_rows_present_in_a_table')?['body/value']","actions":{"Create_item":{"type":"OpenApiConnection","inputs":{"parameters":{"dataset":"https://libertypr.sharepoint.com/sites/B2BUpgrade","table":"060fc989-a9b6-4d93-976d-60b5f95811c0","item/Title":"@item()['SKU']","item/Description":"@item()['Product Desc']","item/Quantity":"@item()['DTC Inv_x002e_']"},"host":{"apiId":"/providers/Microsoft.PowerApps/apis/shared_sharepointonline","connectionName":"shared_sharepointonline","operationId":"PostItem"},"authentication":"@parameters('$authentication')"}}},"runAfter":{"Delete_Each_Item":["Succeeded"]},"type":"Foreach","runtimeConfiguration":{"concurrency":{"repetitions":50}}},"Post_card_in_a_chat_or_channel":{"runAfter":{"Create_Each_Item":["Succeeded"]},"type":"OpenApiConnection","inputs":{"parameters":{"poster":"Flow bot","location":"Group chat","body/recipient":"19:145c9f50152849f793717f31b162f297@thread.v2","body/messageBody":"{\n    \"type\": \"AdaptiveCard\",\n    \"body\": [\n        {\n            \"type\": \"Image\",\n            \"url\": \"https://i.imgur.com/Aby0iSp.png\",\n            \"altText\": \"LibertyBusinessLogo\",\n            \"size\": \"Large\"\n        },\n        {\n            \"type\": \"TextBlock\",\n            \"size\": \"Medium\",\n            \"weight\": \"Bolder\",\n            \"text\": \"Mail Delivery Warehouse Inventory\"\n        },\n        {\n            \"type\": \"TextBlock\",\n            \"text\": \"Mail Delivery Inventory has been updated.\",\n            \"wrap\": true\n        }\n    ],\n    \"$schema\": \"https://adaptivecards.io/schemas/adaptive-card.json\",\n    \"version\": \"1.5\"\n}"},"host":{"apiId":"/providers/Microsoft.PowerApps/apis/shared_teams","connectionName":"shared_teams","operationId":"PostCardToConversation"},"authentication":"@parameters('$authentication')"}},"Refresh_a_dataset":{"runAfter":{"Post_card_in_a_chat_or_channel":["Succeeded"]},"type":"OpenApiConnection","inputs":{"parameters":{"groupid":"8b995f6e-eadd-42f7-9669-c0df46fe0d4c","datasetid":"c56b8d54-61a0-4e65-814f-f3fc91812b21"},"host":{"apiId":"/providers/Microsoft.PowerApps/apis/shared_powerbi","connectionName":"shared_powerbi","operationId":"RefreshDataset"},"authentication":"@parameters('$authentication')"}}},"else":{"actions":{}},"expression":{"and":[{"equals":["@triggerOutputs()?['body/hasAttachments']",true]},{"contains":["@item()?['name']","Liberty DTC Inventory"]}]},"metadata":{"operationMetadataId":"3f671d6d-d234-4f02-b654-209f9ccd9798"},"type":"If"}},"runAfter":{},"type":"Foreach"}},"outputs":{},"description":"When Email is received from Maggy with the Inventory Attachment get the Attachament and update the inventory SharePoint List Main WareHouse Inv on B2B Upgarde SharePoint"},"connectionReferences":{"shared_office365":{"connectionName":"shared-office365-68507e49-1086-48cd-b7f8-f87ef716c9aa","source":"Embedded","id":"/providers/Microsoft.PowerApps/apis/shared_office365","tier":"NotSpecified","apiName":"office365","isProcessSimpleApiReferenceConversionAlreadyDone":false},"shared_sharepointonline":{"connectionName":"shared-sharepointonl-2726fb54-b952-45d4-a42a-c1d29ce055c8","source":"Embedded","id":"/providers/Microsoft.PowerApps/apis/shared_sharepointonline","tier":"NotSpecified","apiName":"sharepointonline","isProcessSimpleApiReferenceConversionAlreadyDone":false},"shared_excelonlinebusiness":{"connectionName":"shared-excelonlinebu-b18b876c-572a-4567-86a6-1036ea538274","source":"Embedded","id":"/providers/Microsoft.PowerApps/apis/shared_excelonlinebusiness","tier":"NotSpecified","apiName":"excelonlinebusiness","isProcessSimpleApiReferenceConversionAlreadyDone":false},"shared_teams":{"connectionName":"shared-teams-89a8e09e-8653-4455-b343-202683b333f2","source":"Embedded","id":"/providers/Microsoft.PowerApps/apis/shared_teams","tier":"NotSpecified","apiName":"teams","isProcessSimpleApiReferenceConversionAlreadyDone":false},"shared_powerbi":{"connectionName":"shared-powerbi-04566c92-bd22-4d79-bd71-c7b19edb8faf","source":"Embedded","id":"/providers/Microsoft.PowerApps/apis/shared_powerbi","tier":"NotSpecified","apiName":"powerbi","isProcessSimpleApiReferenceConversionAlreadyDone":false}},"flowFailureAlertSubscribed":false,"isManaged":false}}