{"name":"fe048082-edcf-418d-8a96-568c81c006c4","id":"/providers/Microsoft.Flow/flows/fe048082-edcf-418d-8a96-568c81c006c4","type":"Microsoft.Flow/flows","properties":{"apiId":"/providers/Microsoft.PowerApps/apis/shared_logicflows","displayName":"Inventory update From B2B Soft San Roberto","definition":{"metadata":{"workflowEntityId":null,"processAdvisorMetadata":null,"flowChargedByPaygo":null,"flowclientsuspensionreason":"None","flowclientsuspensiontime":null,"flowclientsuspensionreasondetails":null,"creator":{"id":"5ca9a723-598f-43f1-8c85-ad7b425165d4","type":"User","tenantId":"9242cfad-7d27-4710-9998-e8c4de90927e"},"provisioningMethod":"FromDefinition","failureAlertSubscription":true,"clientLastModifiedTime":"2025-10-09T15:05:22.6674241Z","connectionKeySavedTimeKey":"2025-10-09T15:05:22.6674241Z","creationSource":null,"modifiedSources":"Portal"},"$schema":"https://schema.management.azure.com/providers/Microsoft.Logic/schemas/2016-06-01/workflowdefinition.json#","contentVersion":"1.0.0.0","parameters":{"$authentication":{"defaultValue":{},"type":"SecureObject"},"$connections":{"defaultValue":{},"type":"Object"}},"triggers":{"Se_recibe_e-mail_con_filtros":{"splitOn":"@triggerOutputs()?['body/value']","metadata":{"operationMetadataId":"9a6e0ae1-4e71-48e2-baf8-bd8c38e38055","Id::AAMkAGFkNmZlYzllLWM3NzEtNGRkYS1iYzk0LTQyZDc4YmU1YzljZQAuAAAAAAA4VjYHhnerRaAiCPcGMnq_AQCqN5BKgKYnQ54cOMtIkFQMAAAAAAEMAAA=":"Inbox","Id::AAMkAGFkNmZlYzllLWM3NzEtNGRkYS1iYzk0LTQyZDc4YmU1YzljZQAuAAAAAAA4VjYHhnerRaAiCPcGMnq_AQCqN5BKgKYnQ54cOMtIkFQMAAACE47OAAA=":"Bryan Olivary (Boss)","Id::AAMkAGFkNmZlYzllLWM3NzEtNGRkYS1iYzk0LTQyZDc4YmU1YzljZQAuAAAAAAA4VjYHhnerRaAiCPcGMnq_AQCqN5BKgKYnQ54cOMtIkFQMAAACxFdYAAA=":"Reporting"},"type":"OpenApiConnectionNotification","inputs":{"parameters":{"from":"no-reply@b2bsoft.com;obed.dejesus@libertypr.com","includeAttachments":true,"importance":"Any","fetchOnlyWithAttachment":true,"folderPath":"Id::AAMkAGFkNmZlYzllLWM3NzEtNGRkYS1iYzk0LTQyZDc4YmU1YzljZQAuAAAAAAA4VjYHhnerRaAiCPcGMnq_AQCqN5BKgKYnQ54cOMtIkFQMAAAAAAEMAAA="},"host":{"apiId":"/providers/Microsoft.PowerApps/apis/shared_office365","connectionName":"shared_office365","operationId":"OnNewEmailV3"},"authentication":"@parameters('$authentication')"},"description":"El email contiene los siguientes filtros\n-Sender\n-Included Attachaments - YES\n-Subject Filter\n-Only with Attachments - Yes"}},"actions":{"Condition":{"actions":{"Apply_to_each":{"foreach":"@triggerOutputs()?['body/attachments']","actions":{"Condition_1":{"actions":{"Get_Attachment_(V2)":{"metadata":{"operationMetadataId":"0ebb91be-a7c6-4678-b2ad-027f34206b3a"},"type":"OpenApiConnection","inputs":{"parameters":{"messageId":"@triggerOutputs()?['body/id']","attachmentId":"@item()?['id']"},"host":{"apiId":"/providers/Microsoft.PowerApps/apis/shared_office365","connectionName":"shared_office365","operationId":"GetAttachment_V2"},"authentication":"@parameters('$authentication')"}},"Create_file":{"runAfter":{"Get_Attachment_(V2)":["Succeeded"]},"metadata":{"operationMetadataId":"fd5745cd-43fa-40f9-9c31-1a14f16b7fcf"},"type":"OpenApiConnection","inputs":{"parameters":{"dataset":"https://libertypr.sharepoint.com/sites/B2BUpgrade","folderPath":"/Shared Documents/B2B Liberty Plaza Inventory","name":"Liberty Plaza B2B Sales_Inv_@{formatDateTime(utcNow(),'MM/dd/yyyy')}.xlsx","body":"@outputs('Get_Attachment_(V2)')?['body/contentBytes']"},"host":{"apiId":"/providers/Microsoft.PowerApps/apis/shared_sharepointonline","connectionName":"shared_sharepointonline","operationId":"CreateFile"},"authentication":"@parameters('$authentication')"},"runtimeConfiguration":{"contentTransfer":{"transferMode":"Chunked"}}},"Run_script":{"runAfter":{"Delay":["Succeeded"]},"metadata":{"01FM2EKSTRMOOOWLEJ2RBZCQVZXUVMLSA5":"/Inventory/Inventory_From_Kary.xlsx","tableId":null,"operationMetadataId":"de74c12d-3ea4-4885-b0d8-e5b081d37088"},"type":"OpenApiConnection","inputs":{"parameters":{"source":"groups/69245a87-42b3-4c54-bc6c-44d7f529da9e","drive":"b!Ml6MEC7iUU6--9AHUYvBM0NCqhDVJiFFlhTh0tmTVJ0jWJfxivcNQqYeTtDJhETZ","file":"@outputs('Create_file')?['body/Path']","scriptId":"ms-officescript%3A%2F%2Fonedrive_business_itemlink%2F01KXH3ITNQLR7FTOS3BNCIA4ODZCSIZDNO"},"host":{"apiId":"/providers/Microsoft.PowerApps/apis/shared_excelonlinebusiness","connectionName":"shared_excelonlinebusiness","operationId":"RunScriptProd"},"authentication":"@parameters('$authentication')"}},"Get_file_content":{"runAfter":{"Run_script":["Succeeded"]},"metadata":{"%252fShared%2bDocuments%252fInventory%252fWareHouseInventory07_01_2024.xlsx":"/Shared Documents/Inventory/WareHouseInventory07_01_2024.xlsx","operationMetadataId":"e512d75f-3dc2-4713-843f-f4fb0df15a5c"},"type":"OpenApiConnection","inputs":{"parameters":{"dataset":"https://libertypr.sharepoint.com/sites/B2BUpgrade","id":"@outputs('Create_file')?['body/Id']","inferContentType":true},"host":{"apiId":"/providers/Microsoft.PowerApps/apis/shared_sharepointonline","connectionName":"shared_sharepointonline","operationId":"GetFileContent"},"authentication":"@parameters('$authentication')"}},"List_rows_present_in_a_table":{"runAfter":{"Get_file_content":["Succeeded"]},"metadata":{"01FM2EKSTRMOOOWLEJ2RBZCQVZXUVMLSA5":"/Inventory/Inventory_From_Kary.xlsx","tableId":"B2BSoft","operationMetadataId":"9d9ea0a5-b962-441a-9037-be2a33f2ef82","01FM2EKSRBSTNMBWDF6JHYVPCX62F6A3GK":"/Inventory/WareHouseInventory07_03_2024.xlsx","01FM2EKSSOX4UJQJAYHVGJZHHC3545EQZ3":"/Inventory/WareHouseInventory07_03_2024.xlsx","01FM2EKSWTZT6ZNNCIY5HJBHGAAMBCFEUT":"/Inventory/WareHouseInventory07_03_2024.xlsx","01FM2EKSS2AKKHGM3A6RG2HR3UFJOH3WT2":"/Inventory/WareHouseInventory07_03_2024.xlsx","01FM2EKSQGBOGOR3STENFKPRQTO7WYRMGX":"/Inventory/WareHouseInventory07_03_2024.xlsx","01FM2EKSQBIZ6GBZ5HWJCICZ2GERIEYVJA":"/Inventory/WareHouseInventory07_03_2024.xlsx","01FM2EKSX4UZMC2CU3KVFZG7Z7Y54N72HH":"/Inventory/WareHouseInventory07_03_2024.xlsx","01FM2EKSQDKMPK7MRWNNCKFTQGTMSQQILQ":"/Inventory/WareHouseInventory07_03_2024.xlsx","01FM2EKSSPG3V3N72DFVBIV2ZBCB4KLXGZ":"/Inventory/WareHouseInventory07_03_2024.xlsx","01FM2EKSV4BM5OM6FZLVAZLI6XMGDJCUST":"/Inventory/WareHouseInventory07_03_2024.xlsx","01FM2EKSWLBZZMDCMYXFHLUHZCEN6DJULY":"/Inventory/WareHouseInventory07_03_2024.xlsx","01FM2EKSQVE5KONG5DSNEKP4N2XIWUSQLP":"/Inventory/WareHouseInventory07_03_2024.xlsx","01FM2EKSVK6DEQEXRXBJAYJIRXRBRBHHVJ":"/Inventory/WareHouseInventory07_03_2024.xlsx","01FM2EKSSHL6IDNSQSCZCJ5RJDAZMBBLK4":"/Inventory/WareHouseInventory07_03_2024.xlsx","01FM2EKSVWOFSVCFHRSFHLGBDXOT3DBW4M":"/Inventory/WareHouseInventory07_03_2024.xlsx","01FM2EKSQNLK2CPQ26DVAKAZCRAS2JYYPQ":"/Inventory/WareHouseInventory07_05_2024.xlsx","01FM2EKSV3OT76M6CENJAJWXNHMQLDPWIU":"/Inventory/WareHouseInventory07_05_2024.xlsx","01FM2EKSQBK4DDCVS3OJF2U2VLXQQERYRP":"/Inventory/WareHouseInventory07_05_2024.xlsx","01FM2EKSTEO27MYMYXLRHYNETHFKJTCRIQ":"/Inventory/WareHouseInventory07_05_2024.xlsx","01FM2EKSSLKOPIS665XZGIQFWGW6BXBZQC":"/Inventory/WareHouseInventory07_05_2024.xlsx","01FM2EKSWJVVIV2G4GB5HLSMUFY6OMDCFT":"/Inventory/WareHouseInventory07_05_20241.xlsx","01FM2EKSQS6KYBDYZLOVDYPN2T7XBGAYZH":"/B2B Liberty Plaza Inventory/Copy of My Product Price List by Store.xlsx"},"type":"OpenApiConnection","inputs":{"parameters":{"source":"groups/69245a87-42b3-4c54-bc6c-44d7f529da9e","drive":"b!Ml6MEC7iUU6--9AHUYvBM0NCqhDVJiFFlhTh0tmTVJ0jWJfxivcNQqYeTtDJhETZ","file":"@outputs('Create_file')?['body/Path']","table":"B2BSoft"},"host":{"apiId":"/providers/Microsoft.PowerApps/apis/shared_excelonlinebusiness","connectionName":"shared_excelonlinebusiness","operationId":"GetItems"},"authentication":"@parameters('$authentication')"}},"Delay":{"runAfter":{"Create_file":["Succeeded"]},"metadata":{"operationMetadataId":"8014537a-1e5f-46db-b96d-ce2f738e5ae8"},"type":"Wait","inputs":{"interval":{"count":10,"unit":"Second"}}},"Get_items":{"runAfter":{"List_rows_present_in_a_table":["Succeeded"]},"metadata":{"operationMetadataId":"adfac696-04fe-4eb2-b5e1-1946be9b58ce"},"type":"OpenApiConnection","inputs":{"parameters":{"dataset":"https://libertypr.sharepoint.com/sites/B2BUpgrade","table":"482aa407-037b-4732-8386-522189ba846b"},"host":{"apiId":"/providers/Microsoft.PowerApps/apis/shared_sharepointonline","connectionName":"shared_sharepointonline","operationId":"GetItems"},"authentication":"@parameters('$authentication')"},"runtimeConfiguration":{"paginationPolicy":{"minimumItemCount":5000}}},"Delete_Each_Item":{"foreach":"@outputs('Get_items')?['body/value']","actions":{"Delete_item":{"type":"OpenApiConnection","inputs":{"parameters":{"dataset":"https://libertypr.sharepoint.com/sites/B2BUpgrade","table":"482aa407-037b-4732-8386-522189ba846b","id":"@items('Delete_Each_Item')?['ID']"},"host":{"apiId":"/providers/Microsoft.PowerApps/apis/shared_sharepointonline","connectionName":"shared_sharepointonline","operationId":"DeleteItem"},"authentication":"@parameters('$authentication')"}}},"runAfter":{"Get_items":["Succeeded"]},"type":"Foreach"},"Create_Each_Item":{"foreach":"@outputs('List_rows_present_in_a_table')?['body/value']","actions":{"Create_item":{"type":"OpenApiConnection","inputs":{"parameters":{"dataset":"https://libertypr.sharepoint.com/sites/B2BUpgrade","table":"482aa407-037b-4732-8386-522189ba846b","item/UPC":"@item()?['UPC']","item/Store":"@item()?['Store']","item/Product_x0020_Desc":"@item()?['Product Desc']","item/In_x0020_Stock":"@item()?['In Stock']","item/Retail_x0020_Price":"@item()?['Retail Price']","item/System_x0020_Category":"@item()?['System Category']"},"host":{"apiId":"/providers/Microsoft.PowerApps/apis/shared_sharepointonline","connectionName":"shared_sharepointonline","operationId":"PostItem"},"authentication":"@parameters('$authentication')"}}},"runAfter":{"Delete_Each_Item":["Succeeded"]},"type":"Foreach"},"Post_card_in_a_chat_or_channel":{"runAfter":{"Create_Each_Item":["Succeeded"]},"type":"OpenApiConnection","inputs":{"parameters":{"poster":"Flow bot","location":"Group chat","body/recipient":"19:145c9f50152849f793717f31b162f297@thread.v2","body/messageBody":"{\n    \"type\": \"AdaptiveCard\",\n    \"body\": [\n        {\n            \"type\": \"Image\",\n            \"url\": \"https://i.imgur.com/Aby0iSp.png\",\n            \"altText\": \"LibertyBusinessLogo\",\n            \"size\": \"Large\"\n        },\n        {\n            \"type\": \"TextBlock\",\n            \"size\": \"Medium\",\n            \"weight\": \"Bolder\",\n            \"text\": \"San Roberto Inventory\"\n        },\n        {\n            \"type\": \"TextBlock\",\n            \"text\": \"San Roberto Inventory has been updated.\",\n            \"wrap\": true\n        }\n    ],\n    \"$schema\": \"https://adaptivecards.io/schemas/adaptive-card.json\",\n    \"version\": \"1.5\"\n}"},"host":{"apiId":"/providers/Microsoft.PowerApps/apis/shared_teams","connectionName":"shared_teams","operationId":"PostCardToConversation"},"authentication":"@parameters('$authentication')"}},"Refresh_a_dataset":{"runAfter":{"Post_card_in_a_chat_or_channel":["Succeeded"]},"type":"OpenApiConnection","inputs":{"parameters":{"groupid":"8b995f6e-eadd-42f7-9669-c0df46fe0d4c","datasetid":"c56b8d54-61a0-4e65-814f-f3fc91812b21"},"host":{"apiId":"/providers/Microsoft.PowerApps/apis/shared_powerbi","connectionName":"shared_powerbi","operationId":"RefreshDataset"},"authentication":"@parameters('$authentication')"}}},"else":{"actions":{}},"expression":{"and":[{"startsWith":["@item()?['name']","My Product Price List by Store"]}]},"metadata":{"operationMetadataId":"e721811e-2a27-4617-8c52-410c85d4a90b"},"type":"If"}},"metadata":{"operationMetadataId":"11c3f3d5-57fe-4097-932e-f683c7f0adbd"},"type":"Foreach"}},"runAfter":{},"else":{"actions":{}},"expression":{"and":[{"equals":["@triggerOutputs()?['body/hasAttachments']",true]}]},"metadata":{"operationMetadataId":"3f671d6d-d234-4f02-b654-209f9ccd9798"},"type":"If"}},"outputs":{},"description":"Daily Subcription to the B2B Soft Reports.  Receive email with the San Roberto Inventory and Update the sharepoint list to publish the inventory we have on the San Roberto Hub. Refresh the PowerBI Dataset Inventory and send a notification to the Data Card to B2B Activation Desk Flow to let them know that the Inventory of San Roberto Has benn updated and a link to the PowerBI Report to access it."},"connectionReferences":{"shared_office365":{"connectionName":"shared-office365-68507e49-1086-48cd-b7f8-f87ef716c9aa","source":"Embedded","id":"/providers/Microsoft.PowerApps/apis/shared_office365","tier":"NotSpecified","apiName":"office365","isProcessSimpleApiReferenceConversionAlreadyDone":false},"shared_sharepointonline":{"connectionName":"shared-sharepointonl-2726fb54-b952-45d4-a42a-c1d29ce055c8","source":"Embedded","id":"/providers/Microsoft.PowerApps/apis/shared_sharepointonline","tier":"NotSpecified","apiName":"sharepointonline","isProcessSimpleApiReferenceConversionAlreadyDone":false},"shared_excelonlinebusiness":{"connectionName":"shared-excelonlinebu-b18b876c-572a-4567-86a6-1036ea538274","source":"Embedded","id":"/providers/Microsoft.PowerApps/apis/shared_excelonlinebusiness","tier":"NotSpecified","apiName":"excelonlinebusiness","isProcessSimpleApiReferenceConversionAlreadyDone":false},"shared_teams":{"connectionName":"shared-teams-89a8e09e-8653-4455-b343-202683b333f2","source":"Embedded","id":"/providers/Microsoft.PowerApps/apis/shared_teams","tier":"NotSpecified","apiName":"teams","isProcessSimpleApiReferenceConversionAlreadyDone":false},"shared_powerbi":{"connectionName":"shared-powerbi-04566c92-bd22-4d79-bd71-c7b19edb8faf","source":"Embedded","id":"/providers/Microsoft.PowerApps/apis/shared_powerbi","tier":"NotSpecified","apiName":"powerbi","isProcessSimpleApiReferenceConversionAlreadyDone":false}},"flowFailureAlertSubscribed":false,"isManaged":false}}