{"name":"ee0d3b4a-ccf5-4276-8f7f-131e854e9705","id":"/providers/Microsoft.Flow/flows/ee0d3b4a-ccf5-4276-8f7f-131e854e9705","type":"Microsoft.Flow/flows","properties":{"apiId":"/providers/Microsoft.PowerApps/apis/shared_logicflows","displayName":"Encore Reports PROD","definition":{"metadata":{"workflowEntityId":null,"processAdvisorMetadata":null,"flowChargedByPaygo":null,"flowclientsuspensionreason":"None","flowclientsuspensiontime":null,"flowclientsuspensionreasondetails":null,"creator":{"id":"5ca9a723-598f-43f1-8c85-ad7b425165d4","type":"User","tenantId":"9242cfad-7d27-4710-9998-e8c4de90927e"},"provisioningMethod":"FromDefinition","failureAlertSubscription":true,"clientLastModifiedTime":"2025-10-09T14:47:19.6214653Z","connectionKeySavedTimeKey":"2025-10-09T14:47:19.6214653Z","creationSource":null,"modifiedSources":"Portal"},"$schema":"https://schema.management.azure.com/providers/Microsoft.Logic/schemas/2016-06-01/workflowdefinition.json#","contentVersion":"undefined","parameters":{"$authentication":{"defaultValue":{},"type":"SecureObject"},"$connections":{"defaultValue":{},"type":"Object"}},"triggers":{"Recurrence":{"recurrence":{"frequency":"Day","interval":1,"timeZone":"SA Western Standard Time","startTime":"2024-10-15T14:00:00.000Z","schedule":{"hours":["6"],"minutes":[0]}},"metadata":{"operationMetadataId":"01aba859-59e5-4cf0-8a08-8f18e09a7468"},"type":"Recurrence"}},"actions":{"Encore_-_Base":{"runAfter":{},"metadata":{"operationMetadataId":"185e1839-8f19-42c7-b124-82a7d67e6c70"},"type":"OpenApiConnection","inputs":{"parameters":{"queryParameters/query":"select id, order.Type, order.vlocity_cmt__Reason__c, Order.OrderNumber,  order.CustomOwner__c, order.account.parent.name, order.account.name, order.vlocity_cmt__DeliveryMethod__c, order.vlocity_cmt__Delivery_Installation_Status__c,  product2.name, Product2.vlocity_cmt__ObjectTypeName__c, PRB2B_RegularOneTimeCharge__c, PRB2B_OneTimeAdjustedCharge__c, PRB2B_NumberOfInstallments__c, vlocity_cmt__RecurringCharge__c, order.account.parent.Segment__c, order.account.segment__C, order.account.MSISDN__c, order.account.parent.Id, order.PRB2B_FedExTrackingUrl__c, order.vlocity_cmt__TrackingNumber__c, CreatedDate, Product2.Family, Product2.vlocity_cmt__Type__c,PRB2B_License_Quantity__c, AccountId__c, Order.AccountId\n\n\nfrom orderitem\n \nwhere\n\n(order.account.parent.Segment__c = 'B2B' OR order.account.segment__C = 'B2B')\n\n\nAnd Product_Name__c = 'Encore by Liberty Business'\n\nAnd Product2.vlocity_cmt__Type__c = '3PP'\n\nAND Order.Type != null\nAND Order.Type != 'Disconnect'\n\n\n\nORDER BY CreatedDate DESC\n\n\n"},"host":{"apiId":"/providers/Microsoft.PowerApps/apis/shared_salesforce","connectionName":"shared_salesforce","operationId":"ExecuteSoqlQuery"},"authentication":"@parameters('$authentication')"}},"Compose":{"runAfter":{"Encore_-_Base":["Succeeded"]},"metadata":{"operationMetadataId":"e435f014-9297-46da-a841-4b74ba6884a8"},"type":"Compose","inputs":"@body('Encore_-_Base')"},"Parse_JSONBase":{"runAfter":{"Compose":["Succeeded"]},"metadata":{"operationMetadataId":"3ed63699-1575-4a39-ae62-861e7efcd9ad"},"type":"ParseJson","inputs":{"content":"@body('Encore_-_Base')","schema":{"type":"object","properties":{"body":{"type":"object","properties":{"totalSize":{"type":"integer"},"done":{"type":"boolean"},"records":{"type":"array","items":{"type":"object","properties":{"attributes":{"type":"object","properties":{"type":{"type":"string"},"url":{"type":"string"}}},"Id":{"type":"string"},"Order":{"type":"object","properties":{"attributes":{"type":"object","properties":{"type":{"type":"string"},"url":{"type":"string"}}},"Type":{"type":"string"},"vlocity_cmt__Reason__c":{"type":"string"},"OrderNumber":{"type":"string"},"CustomOwner__c":{"type":"string"},"Account":{"type":"object","properties":{"attributes":{"type":"object","properties":{"type":{"type":"string"},"url":{"type":"string"}}},"Parent":{"type":"object","properties":{"attributes":{"type":"object","properties":{"type":{"type":"string"},"url":{"type":"string"}}},"Name":{"type":"string"},"Segment__c":{"type":"string"},"Id":{"type":"string"},"PR_Email__c":{"type":"string"}}},"Name":{"type":"string"},"Segment__c":{"type":"string"},"MSISDN__c":{}}},"vlocity_cmt__DeliveryMethod__c":{"type":"string"},"vlocity_cmt__Delivery_Installation_Status__c":{},"PRB2B_FedExTrackingUrl__c":{"type":"string"},"vlocity_cmt__TrackingNumber__c":{}}},"Product2":{"type":"object","properties":{"attributes":{"type":"object","properties":{"type":{"type":"string"},"url":{"type":"string"}}},"Name":{"type":"string"},"vlocity_cmt__ObjectTypeName__c":{"type":"string"},"Family":{"type":"string"},"vlocity_cmt__Type__c":{"type":"string"}}},"PRB2B_RegularOneTimeCharge__c":{"type":"integer"},"PRB2B_OneTimeAdjustedCharge__c":{"type":"integer"},"PRB2B_NumberOfInstallments__c":{},"vlocity_cmt__RecurringCharge__c":{"type":"integer"},"CreatedDate":{"type":"string"},"PRB2B_License_Quantity__c":{}},"required":["attributes","Id","Order","Product2","PRB2B_RegularOneTimeCharge__c","PRB2B_OneTimeAdjustedCharge__c","PRB2B_NumberOfInstallments__c","vlocity_cmt__RecurringCharge__c","CreatedDate","PRB2B_License_Quantity__c"]}}}}}}}},"EncoreBase":{"actions":{"Send_an_email_(V2)_3":{"metadata":{"operationMetadataId":"20084f04-3b98-4444-ba18-6411ef500e14"},"type":"OpenApiConnection","inputs":{"parameters":{"emailMessage/To":"obed.dejesus@libertypr.com;bryan.olivari@libertypr.com;carol.marrero@libertypr.com;alberto.sanabria@libertypr.com","emailMessage/Subject":"Encore","emailMessage/Body":"<p class=\"editor-paragraph\"><br></p>","emailMessage/From":"B2B.ACD.ADMIN@libertypr.com","emailMessage/Importance":"Normal"},"host":{"apiId":"/providers/Microsoft.PowerApps/apis/shared_office365","connectionName":"shared_office365","operationId":"SendEmailV2"},"authentication":"@parameters('$authentication')"}}},"runAfter":{"EncoreBaseSize":["Succeeded"]},"else":{"actions":{"Apply_to_each":{"foreach":"@body('Parse_JSONBase')?['records']","actions":{"CusName":{"metadata":{"operationMetadataId":"8a631d02-1e04-4a53-8d94-109f7a26cac1"},"type":"Compose","inputs":"@items('Apply_to_Each')?['Order']?['CustomOwner__c']"},"CompName":{"runAfter":{"CusName":["Succeeded"]},"metadata":{"operationMetadataId":"7c7ac022-cf63-40ac-8bba-f31ade3dfd47"},"type":"Compose","inputs":"@items('Apply_to_Each')?['Order']?['Account']?['Parent']?['Name']"},"OrderNum":{"runAfter":{"CompName":["Succeeded"]},"metadata":{"operationMetadataId":"20ac46e4-56f1-4a6b-8a0c-ca935e338a34"},"type":"Compose","inputs":"@items('Apply_to_each')?['Order']?['OrderNumber']"},"TypeOr":{"runAfter":{"OrderNum":["Succeeded"]},"metadata":{"operationMetadataId":"769f6426-a194-4d3b-97bf-2fc645c4e812"},"type":"Compose","inputs":"@items('Apply_to_each')?['Order']?['Type']"},"VReason":{"runAfter":{"TypeOr":["Succeeded"]},"metadata":{"operationMetadataId":"095b98f5-772a-4a0b-a806-9de23818f5b0"},"type":"Compose","inputs":"@items('Apply_to_each')?['Order']?['vlocity_cmt__Reason__c']"},"PName":{"runAfter":{"VReason":["Succeeded"]},"metadata":{"operationMetadataId":"61ff4565-3be2-450a-8601-2d17ecfcd304"},"type":"Compose","inputs":"@items('Apply_to_each')?['Product2']?['Name']"},"Append_to_array_variable":{"runAfter":{"Compose_2":["Succeeded"]},"metadata":{"operationMetadataId":"43d80c74-3fdb-4bd6-a5e3-236f6d6c57ee"},"type":"AppendToArrayVariable","inputs":{"name":"CSVTableArrayEncoreBase","value":{"CusName":"@items('Apply_to_each')?['Order']?['CustomOwner__c']","CompName":"@items('Apply_to_each')?['Order']?['Account']?['Parent']?['Name']","Email":"@items('Apply_to_each')?['Order']?['Account']?['Parent']?['PR_Email__c']","OrderNum":"@items('Apply_to_each')?['Order']?['OrderNumber']","TypeOr":"@items('Apply_to_each')?['Order']?['Type']","VReason":"@items('Apply_to_each')?['Order']?['vlocity_cmt__Reason__c']","Price":"@items('Apply_to_each')?['vlocity_cmt__RecurringCharge__c']","PName":"@items('Apply_to_each')?['Product2']?['Name']","CDate":"@formatDateTime(items('Apply_to_each')?['CreatedDate'],'MM-dd-yyyy')","ReportDate":"@formatDateTime(utcNow(),'MM-dd-yyyy')"}}},"Charge":{"runAfter":{"PName":["Succeeded"]},"metadata":{"operationMetadataId":"165a471f-1fae-4f5a-ae7d-ae6e3fd03bf6"},"type":"Compose","inputs":"@items('Apply_to_each')?['vlocity_cmt__RecurringCharge__c']"},"Compose_2":{"runAfter":{"Charge":["Succeeded"]},"metadata":{"operationMetadataId":"3c62a178-c0cc-4d7e-9c58-ea95d7dbfa68"},"type":"Compose","inputs":"@formatDateTime(items('Apply_to_each')?['CreatedDate'],'MM-dd-yyyy')"}},"metadata":{"operationMetadataId":"aa74e09a-69dd-4191-89ef-c1cd9d6a6fbb"},"type":"Foreach","runtimeConfiguration":{"concurrency":{"repetitions":20}}},"Create_CSV_Encore_Base":{"runAfter":{"Apply_to_each":["Succeeded"]},"metadata":{"operationMetadataId":"abfc9b76-4c86-43fa-a491-9e374f924d72"},"type":"Table","inputs":{"from":"@variables('CSVTableArrayEncoreBase')","format":"CSV"}},"Create_Encore_File":{"runAfter":{"Create_CSV_Encore_Base":["Succeeded"]},"metadata":{"operationMetadataId":"876eda6b-fd3a-44cb-b3df-6c5fe63da037"},"type":"OpenApiConnection","inputs":{"parameters":{"dataset":"https://libertypr.sharepoint.com/sites/B2B-Reports","folderPath":"/Shared Documents/Encore","name":"EncoreBase@{formatDateTime(utcNow(),'MM-dd-yyyy')}.csv","body":"@body('Create_CSV_Encore_Base')"},"host":{"apiId":"/providers/Microsoft.PowerApps/apis/shared_sharepointonline","connectionName":"shared_sharepointonline","operationId":"CreateFile"},"authentication":"@parameters('$authentication')"},"runtimeConfiguration":{"contentTransfer":{"transferMode":"Chunked"}}},"Encore_Base_Email_Send":{"runAfter":{"Create_Encore_File":["Succeeded"]},"metadata":{"operationMetadataId":"e32aca56-73d3-4332-8492-3a71cf6917be"},"type":"OpenApiConnection","inputs":{"parameters":{"emailMessage/To":"obed.dejesus@libertypr.com;bryan.olivari@libertypr.com;alberto.sanabria@libertypr.com;carol.marrero@libertypr.com","emailMessage/Subject":"Encore Reports - Base","emailMessage/Body":"<p class=\"editor-paragraph\">Encore by Liberty Mobile Base report attached to email.</p><br><p class=\"editor-paragraph\">Encore Base Total: @{outputs('EncoreBaseSize')}</p>","emailMessage/From":"B2B.ACD.ADMIN@libertypr.com","emailMessage/Attachments":[{"Name":"EncoreBaseReport-@{formatDateTime(utcNow(),'MM-dd-yyyy')}.csv","ContentBytes":"@body('Create_CSV_Encore_Base')"}],"emailMessage/Importance":"Normal"},"host":{"apiId":"/providers/Microsoft.PowerApps/apis/shared_office365","connectionName":"shared_office365","operationId":"SendEmailV2"},"authentication":"@parameters('$authentication')"}}}},"expression":{"and":[{"equals":["@body('Parse_JSONBase')?['totalSize']",0]}]},"metadata":{"operationMetadataId":"962af358-7ac9-456c-97b3-2cedf8b4908d"},"type":"If"},"Encore-Base":{"runAfter":{"Parse_JSONBase":["Succeeded"]},"metadata":{"operationMetadataId":"327d6d95-d816-4762-a256-2038ac4b79b0"},"type":"InitializeVariable","inputs":{"variables":[{"name":"CSVTableArrayEncoreBase","type":"array"}]}},"EncoreBaseSize":{"runAfter":{"Encore-Base":["Succeeded"]},"metadata":{"operationMetadataId":"0deb9d17-9545-4ea9-bdab-036d45a3da95"},"type":"Compose","inputs":"@body('Parse_JSONBase')?['totalSize']"},"Encore_-_Sales":{"runAfter":{},"metadata":{"operationMetadataId":"8952d80e-9df7-4dd3-a720-86c9c7e7c538"},"type":"OpenApiConnection","inputs":{"parameters":{"queryParameters/query":"SELECT Id, \n       Order.Type, \n       Order.vlocity_cmt__Reason__c, \n       Order.OrderNumber, \n       Order.CustomOwner__c, \n       Order.Account.Parent.Name, \n       Order.Account.Name, \n       Order.vlocity_cmt__DeliveryMethod__c, \n       Order.vlocity_cmt__Delivery_Installation_Status__c, \n       Product2.Name, \n       Product2.vlocity_cmt__ObjectTypeName__c, \n       PRB2B_RegularOneTimeCharge__c, \n       PRB2B_OneTimeAdjustedCharge__c, \n       PRB2B_NumberOfInstallments__c, \n       vlocity_cmt__RecurringCharge__c, \n       Order.Account.Parent.Segment__c, \n       Order.Account.Segment__c, \n       Order.Account.MSISDN__c, \n       Order.Account.Parent.Id, \n       Order.PRB2B_FedExTrackingUrl__c, \n       Order.vlocity_cmt__TrackingNumber__c, \n       CreatedDate, \n       Product2.Family, \n       Product2.vlocity_cmt__Type__c, \n       PRB2B_License_Quantity__c,\n       Order.Account.Parent.PR_Email__c\nFROM OrderItem \nWHERE (Order.Account.Parent.Segment__c = 'B2B' OR Order.Account.Segment__c = 'B2B')\n      AND Product_Name__c = 'Encore by Liberty Business'\n      AND Product2.vlocity_cmt__Type__c = '3PP'\n      AND Order.Type != null \n     AND Order.Type = 'Sales'\n     AND CreatedDate = YESTERDAY\nORDER BY CreatedDate DESC\n"},"host":{"apiId":"/providers/Microsoft.PowerApps/apis/shared_salesforce","connectionName":"shared_salesforce","operationId":"ExecuteSoqlQuery"},"authentication":"@parameters('$authentication')"}},"Compose-Sales":{"runAfter":{"Encore_-_Sales":["Succeeded"]},"metadata":{"operationMetadataId":"6d5b21f6-b739-4133-9f83-23f1532b04d9"},"type":"Compose","inputs":"@body('Encore_-_Sales')"},"Parse_JSONSales":{"runAfter":{"Compose-Sales":["Succeeded"]},"metadata":{"operationMetadataId":"fa83f74b-bbb8-4195-bd6b-070a722247ab"},"type":"ParseJson","inputs":{"content":"@body('Encore_-_Sales')","schema":{"type":"object","properties":{"body":{"type":"object","properties":{"totalSize":{"type":"integer"},"done":{"type":"boolean"},"records":{"type":"array","items":{"type":"object","properties":{"attributes":{"type":"object","properties":{"type":{"type":"string"},"url":{"type":"string"}}},"Id":{"type":"string"},"Order":{"type":"object","properties":{"attributes":{"type":"object","properties":{"type":{"type":"string"},"url":{"type":"string"}}},"Type":{"type":"string"},"vlocity_cmt__Reason__c":{"type":"string"},"OrderNumber":{"type":"string"},"CustomOwner__c":{"type":"string"},"Account":{"type":"object","properties":{"attributes":{"type":"object","properties":{"type":{"type":"string"},"url":{"type":"string"}}},"Parent":{"type":"object","properties":{"attributes":{"type":"object","properties":{"type":{"type":"string"},"url":{"type":"string"}}},"Name":{"type":"string"},"Segment__c":{"type":"string"},"Id":{"type":"string"},"PR_Email__c":{"type":"string"}}},"Name":{"type":"string"},"Segment__c":{"type":"string"},"MSISDN__c":{}}},"vlocity_cmt__DeliveryMethod__c":{"type":"string"},"vlocity_cmt__Delivery_Installation_Status__c":{},"PRB2B_FedExTrackingUrl__c":{"type":"string"},"vlocity_cmt__TrackingNumber__c":{}}},"Product2":{"type":"object","properties":{"attributes":{"type":"object","properties":{"type":{"type":"string"},"url":{"type":"string"}}},"Name":{"type":"string"},"vlocity_cmt__ObjectTypeName__c":{"type":"string"},"Family":{"type":"string"},"vlocity_cmt__Type__c":{"type":"string"}}},"PRB2B_RegularOneTimeCharge__c":{"type":"integer"},"PRB2B_OneTimeAdjustedCharge__c":{"type":"integer"},"PRB2B_NumberOfInstallments__c":{},"vlocity_cmt__RecurringCharge__c":{"type":"integer"},"CreatedDate":{"type":"string"},"PRB2B_License_Quantity__c":{}},"required":["attributes","Id","Order","Product2","PRB2B_RegularOneTimeCharge__c","PRB2B_OneTimeAdjustedCharge__c","PRB2B_NumberOfInstallments__c","vlocity_cmt__RecurringCharge__c","CreatedDate","PRB2B_License_Quantity__c"]}}}}}}}},"Encore-New":{"runAfter":{"Parse_JSONSales":["Succeeded"]},"metadata":{"operationMetadataId":"fec762ae-9d6f-4653-b775-f602ec573f1d"},"type":"InitializeVariable","inputs":{"variables":[{"name":"CSVTableArrayEncoreNew","type":"array"}]}},"EncoreNewSize":{"runAfter":{"Encore-New":["Succeeded"]},"metadata":{"operationMetadataId":"4c325c6d-089d-45db-b072-bf3fefb487dd"},"type":"Compose","inputs":"@body('Parse_JSONSales')?['totalSize']"},"EncoreSales":{"actions":{"Send_an_email_(V2)_4":{"metadata":{"operationMetadataId":"58b57373-0037-4a8f-a40e-feb98664e637"},"type":"OpenApiConnection","inputs":{"parameters":{"emailMessage/To":"obed.dejesus@libertypr.com;bryan.olivari@libertypr.com;alberto.sanabria@libertypr.com;carol.marrero@libertypr.com","emailMessage/Subject":"Encore Sales","emailMessage/Body":"<p class=\"editor-paragraph\">There were no Encore by Liberty Mobile \"Sales\" Transactions yesterday.</p>","emailMessage/From":"B2B.ACD.ADMIN@libertypr.com","emailMessage/Importance":"Normal"},"host":{"apiId":"/providers/Microsoft.PowerApps/apis/shared_office365","connectionName":"shared_office365","operationId":"SendEmailV2"},"authentication":"@parameters('$authentication')"}}},"runAfter":{"EncoreNewSize":["Succeeded"]},"else":{"actions":{"New":{"foreach":"@body('Parse_JSONSales')?['records']","actions":{"CusNameSales":{"metadata":{"operationMetadataId":"72ed7b0d-b65c-4119-ae7f-edef97a4b86d"},"type":"Compose","inputs":"@items('New')?['Order']['CustomOwner__c']"},"CompNameSales":{"runAfter":{"CusNameSales":["Succeeded"]},"metadata":{"operationMetadataId":"8f33b252-3149-4787-85b9-a54c6819821e"},"type":"Compose","inputs":"@items('New')?['Order']?['Account']?['Parent']?['Name']"},"OrderNumSales":{"runAfter":{"CompNameSales":["Succeeded"]},"metadata":{"operationMetadataId":"6ccc475a-d216-4dd6-9d04-e085e14a787e"},"type":"Compose","inputs":"@items('New')?['Order']?['OrderNumber']"},"TypeOrSales":{"runAfter":{"OrderNumSales":["Succeeded"]},"metadata":{"operationMetadataId":"4cc261e4-bd25-4118-bc5a-2c80813261f2"},"type":"Compose","inputs":"@items('New')?['Order']?['Type']"},"VReasonSales":{"runAfter":{"TypeOrSales":["Succeeded"]},"metadata":{"operationMetadataId":"78fa4706-07f0-42e7-9c48-ccc22770e0fa"},"type":"Compose","inputs":"@items('New')?['Order']?['vlocity_cmt__Reason__c']"},"PNameSales":{"runAfter":{"VReasonSales":["Succeeded"]},"metadata":{"operationMetadataId":"7c6142eb-a7e4-49be-b92d-0eec16364cef"},"type":"Compose","inputs":"@items('New')?['Product2']?['Name']"},"Append_to_array_variable_1":{"runAfter":{"ComposeSale":["Succeeded"]},"metadata":{"operationMetadataId":"6ceff3f2-ff45-45ab-b547-65d9ccd101f5"},"type":"AppendToArrayVariable","inputs":{"name":"CSVTableArrayEncoreNew","value":{"CusName":"@items('New')?['Order']?['CustomOwner__c']","CompName":"@items('New')?['Order']?['Account']?['Parent']?['Name']","Email":"@items('New')?['Order']?['Account']?['Parent']?['PR_Email__c']","OrderNum":"@items('New')?['Order']?['OrderNumber']","TypeOr":"@items('New')?['Order']?['Type']","VReason":"@items('New')?['Order']?['vlocity_cmt__Reason__c']","Price":"@items('New')?['vlocity_cmt__RecurringCharge__c']","PName":"@items('New')?['Product2']?['Name']","CDate":"@formatDateTime(items('New')?['CreatedDate'],'MM-dd-yyyy')","ReportDate":"@formatDateTime(utcNow(),'MM-dd-yyyy')"}}},"ChargeSales":{"runAfter":{"PNameSales":["Succeeded"]},"metadata":{"operationMetadataId":"f33791a4-6c07-4ceb-a792-08dd0f124f17"},"type":"Compose","inputs":"@items('New')?['vlocity_cmt__RecurringCharge__c']"},"ComposeSale":{"runAfter":{"ChargeSales":["Succeeded"]},"metadata":{"operationMetadataId":"5d438861-cf8c-45ef-9836-060b62aaf7dc"},"type":"Compose","inputs":"@formatDateTime(items('New')?['CreatedDate'],'MM-dd-yyyy')"}},"metadata":{"operationMetadataId":"2510b6c2-9ba6-43de-97d3-51058d5f5846"},"type":"Foreach"},"Create_CSV_Encore_Sales":{"runAfter":{"New":["Succeeded"]},"metadata":{"operationMetadataId":"177d7747-0e8f-4b2f-ab2f-65dfd0ac3332"},"type":"Table","inputs":{"from":"@variables('CSVTableArrayEncoreNew')","format":"CSV"}},"Create_Sales_File":{"runAfter":{"Create_CSV_Encore_Sales":["Succeeded"]},"metadata":{"operationMetadataId":"58bd6973-c98e-4cc1-b837-f7833780951e"},"type":"OpenApiConnection","inputs":{"parameters":{"dataset":"https://libertypr.sharepoint.com/sites/B2B-Reports","folderPath":"/Shared Documents/Encore","name":"EncoreSales@{formatDateTime(utcNow(),'MM-dd-yyyy')}.csv","body":"@body('Create_CSV_Encore_Sales')"},"host":{"apiId":"/providers/Microsoft.PowerApps/apis/shared_sharepointonline","connectionName":"shared_sharepointonline","operationId":"CreateFile"},"authentication":"@parameters('$authentication')"},"runtimeConfiguration":{"contentTransfer":{"transferMode":"Chunked"}}},"Encore_Sale_Email_Send":{"runAfter":{"Create_Sales_File":["Succeeded"]},"metadata":{"operationMetadataId":"8dd62151-fe8d-46e3-a262-59a606d56237"},"type":"OpenApiConnection","inputs":{"parameters":{"emailMessage/To":"obed.dejesus@libertypr.com;bryan.olivari@libertypr.com;carol.marrero@libertypr.com;alberto.sanabria@libertypr.com","emailMessage/Subject":"Encore Reports - Sale","emailMessage/Body":"<p class=\"editor-paragraph\">Encore by Liberty Mobile Sale report attached to email.</p><br><p class=\"editor-paragraph\">Encore Base Total: @{outputs('EncoreNewSize')}</p>","emailMessage/From":"B2B.ACD.ADMIN@libertypr.com","emailMessage/Attachments":[{"Name":"EncoreReportsSale-@{formatDateTime(utcNow(),'MM-dd-yyyy')}.csv","ContentBytes":"@body('Create_CSV_Encore_Sales')"}],"emailMessage/Importance":"Normal"},"host":{"apiId":"/providers/Microsoft.PowerApps/apis/shared_office365","connectionName":"shared_office365","operationId":"SendEmailV2"},"authentication":"@parameters('$authentication')"}}}},"expression":{"and":[{"equals":["@body('Parse_JSONSales')?['totalSize']",0]}]},"metadata":{"operationMetadataId":"ec38f317-0e11-4303-8563-d4eae0555774"},"type":"If"},"Encore_-_Disconnect":{"runAfter":{},"metadata":{"operationMetadataId":"335646ca-86f8-4817-a0b7-9fd9a5e6793a"},"type":"OpenApiConnection","inputs":{"parameters":{"queryParameters/query":"SELECT Id, \n       Order.Type, \n       Order.vlocity_cmt__Reason__c, \n       Order.OrderNumber, \n       Order.CustomOwner__c, \n       Order.Account.Parent.Name, \n       Order.Account.Name, \n       Order.vlocity_cmt__DeliveryMethod__c, \n       Order.vlocity_cmt__Delivery_Installation_Status__c, \n       Product2.Name, \n       Product2.vlocity_cmt__ObjectTypeName__c, \n       PRB2B_RegularOneTimeCharge__c, \n       PRB2B_OneTimeAdjustedCharge__c, \n       PRB2B_NumberOfInstallments__c, \n       vlocity_cmt__RecurringCharge__c, \n       Order.Account.Parent.Segment__c, \n       Order.Account.Segment__c, \n       Order.Account.MSISDN__c, \n       Order.Account.Parent.Id, \n       Order.PRB2B_FedExTrackingUrl__c, \n       Order.vlocity_cmt__TrackingNumber__c, \n       CreatedDate, \n       Product2.Family, \n       Product2.vlocity_cmt__Type__c, \n       PRB2B_License_Quantity__c,\n       Order.Account.Parent.PR_Email__c\nFROM OrderItem \nWHERE (Order.Account.Parent.Segment__c = 'B2B' OR Order.Account.Segment__c = 'B2B')\n      AND Product_Name__c = 'Encore by Liberty Business'\n      AND Product2.vlocity_cmt__Type__c = '3PP'\n      AND Order.Type != null \n     AND Order.Type = 'Disconnect'\n AND CreatedDate = YESTERDAY\nORDER BY CreatedDate DESC\n"},"host":{"apiId":"/providers/Microsoft.PowerApps/apis/shared_salesforce","connectionName":"shared_salesforce","operationId":"ExecuteSoqlQuery"},"authentication":"@parameters('$authentication')"}},"Compose-Disconnect":{"runAfter":{"Encore_-_Disconnect":["Succeeded"]},"metadata":{"operationMetadataId":"b665ec0e-8515-4572-835a-5c96db70f9ce"},"type":"Compose","inputs":"@body('Encore_-_Disconnect')"},"Parse_JSONDisconnect":{"runAfter":{"Compose-Disconnect":["Succeeded"]},"metadata":{"operationMetadataId":"e507b668-c07d-401d-9364-6063c4c44c21"},"type":"ParseJson","inputs":{"content":"@body('Encore_-_Disconnect')","schema":{"type":"object","properties":{"body":{"type":"object","properties":{"totalSize":{"type":"integer"},"done":{"type":"boolean"},"records":{"type":"array","items":{"type":"object","properties":{"attributes":{"type":"object","properties":{"type":{"type":"string"},"url":{"type":"string"}}},"Id":{"type":"string"},"Order":{"type":"object","properties":{"attributes":{"type":"object","properties":{"type":{"type":"string"},"url":{"type":"string"}}},"Type":{"type":"string"},"vlocity_cmt__Reason__c":{"type":"string"},"OrderNumber":{"type":"string"},"CustomOwner__c":{"type":"string"},"Account":{"type":"object","properties":{"attributes":{"type":"object","properties":{"type":{"type":"string"},"url":{"type":"string"}}},"Parent":{"type":"object","properties":{"attributes":{"type":"object","properties":{"type":{"type":"string"},"url":{"type":"string"}}},"Name":{"type":"string"},"Segment__c":{"type":"string"},"Id":{"type":"string"},"PR_Email__c":{"type":"string"}}},"Name":{"type":"string"},"Segment__c":{"type":"string"},"MSISDN__c":{}}},"vlocity_cmt__DeliveryMethod__c":{"type":"string"},"vlocity_cmt__Delivery_Installation_Status__c":{},"PRB2B_FedExTrackingUrl__c":{"type":"string"},"vlocity_cmt__TrackingNumber__c":{}}},"Product2":{"type":"object","properties":{"attributes":{"type":"object","properties":{"type":{"type":"string"},"url":{"type":"string"}}},"Name":{"type":"string"},"vlocity_cmt__ObjectTypeName__c":{"type":"string"},"Family":{"type":"string"},"vlocity_cmt__Type__c":{"type":"string"}}},"PRB2B_RegularOneTimeCharge__c":{"type":"integer"},"PRB2B_OneTimeAdjustedCharge__c":{"type":"integer"},"PRB2B_NumberOfInstallments__c":{},"vlocity_cmt__RecurringCharge__c":{"type":"integer"},"CreatedDate":{"type":"string"},"PRB2B_License_Quantity__c":{}},"required":["attributes","Id","Order","Product2","PRB2B_RegularOneTimeCharge__c","PRB2B_OneTimeAdjustedCharge__c","PRB2B_NumberOfInstallments__c","vlocity_cmt__RecurringCharge__c","CreatedDate","PRB2B_License_Quantity__c"]}}}}}}}},"Encore-Disconnect":{"runAfter":{"Parse_JSONDisconnect":["Succeeded"]},"metadata":{"operationMetadataId":"1ece1d62-a24d-4572-ad8d-fd94de78b00a"},"type":"InitializeVariable","inputs":{"variables":[{"name":"CSVTableArrayEncoreDisconnect","type":"array"}]}},"EncoreDsiconnectSize":{"runAfter":{"Encore-Disconnect":["Succeeded"]},"metadata":{"operationMetadataId":"6be63ce6-28c7-49d1-a50e-9e74d8917280"},"type":"Compose","inputs":"@body('Parse_JSONDisconnect')?['totalSize']"},"EncoreSales-copy":{"actions":{"Send_an_email_(V2)_1":{"metadata":{"operationMetadataId":"1c4ae034-1698-4c3c-891b-68567e763f53"},"type":"OpenApiConnection","inputs":{"parameters":{"emailMessage/To":"obed.dejesus@libertypr.com;bryan.olivari@libertypr.com;carol.marrero@libertypr.com;alberto.sanabria@libertypr.com","emailMessage/Subject":"Encore Disconnect","emailMessage/Body":"<p class=\"editor-paragraph\">Yesterday there were no Encore by Liberty Mobile \"Disconnect\" transactions.</p>","emailMessage/From":"B2B.ACD.ADMIN@libertypr.com","emailMessage/Importance":"Normal"},"host":{"apiId":"/providers/Microsoft.PowerApps/apis/shared_office365","connectionName":"shared_office365","operationId":"SendEmailV2"},"authentication":"@parameters('$authentication')"}}},"runAfter":{"EncoreDsiconnectSize":["Succeeded"]},"else":{"actions":{"Disconnect":{"foreach":"@body('Parse_JSONDisconnect')?['records']","actions":{"CusNameSales_1":{"metadata":{"operationMetadataId":"b819d174-c8e9-4516-9855-9682686f75cc"},"type":"Compose","inputs":"@items('Disconnect')?['Order']['CustomOwner__c']"},"CompNameSales_1":{"runAfter":{"CusNameSales_1":["Succeeded"]},"metadata":{"operationMetadataId":"85753f34-8b7a-4fc6-bf24-1c07def0ce53"},"type":"Compose","inputs":"@items('Disconnect')?['Order']?['Account']?['Parent']?['Name']"},"OrderNumSales_1":{"runAfter":{"CompNameSales_1":["Succeeded"]},"metadata":{"operationMetadataId":"a1c6eef1-2713-473c-92a7-ae27270c7aa1"},"type":"Compose","inputs":"@items('Disconnect')?['Order']?['OrderNumber']"},"TypeOrSales_1":{"runAfter":{"OrderNumSales_1":["Succeeded"]},"metadata":{"operationMetadataId":"5a47b362-3a41-4e20-bd69-13db00098838"},"type":"Compose","inputs":"@items('Disconnect')?['Order']?['Type']"},"VReasonSales_1":{"runAfter":{"TypeOrSales_1":["Succeeded"]},"metadata":{"operationMetadataId":"4eeb144a-3211-4a44-827d-9a2a4d1b8b73"},"type":"Compose","inputs":"@items('Disconnect')?['Order']?['vlocity_cmt__Reason__c']"},"PNameSales_1":{"runAfter":{"VReasonSales_1":["Succeeded"]},"metadata":{"operationMetadataId":"86f54080-6773-4c4d-8df0-38725008c98c"},"type":"Compose","inputs":"@items('Disconnect')?['Product2']?['Name']"},"Append_to_array_variable_2":{"runAfter":{"ComposeSale_1":["Succeeded"]},"metadata":{"operationMetadataId":"dc408f03-0fd6-406f-81c7-4d9055097b63"},"type":"AppendToArrayVariable","inputs":{"name":"CSVTableArrayEncoreDisconnect","value":{"CusName":"@items('Disconnect')?['Order']?['CustomOwner__c']","CompName":"@items('Disconnect')?['Order']?['Account']?['Parent']?['Name']","Email":"@items('Disconnect')?['Order']?['Account']?['Parent']?['PR_Email__c']","OrderNum":"@items('Disconnect')?['Order']?['OrderNumber']","TypeOr":"@items('Disconnect')?['Order']?['Type']","VReason":"@items('Disconnect')?['Order']?['vlocity_cmt__Reason__c']","Price":"@items('Disconnect')?['vlocity_cmt__RecurringCharge__c']","PName":"@items('Disconnect')?['Product2']?['Name']","CDate":"@formatDateTime(items('Disconnect')?['CreatedDate'],'MM-dd-yyyy')","ReportDate":"@formatDateTime(utcNow(),'MM-dd-yyyy')"}}},"ChargeSales_1":{"runAfter":{"PNameSales_1":["Succeeded"]},"metadata":{"operationMetadataId":"ead71d07-ff57-4aa0-ba10-45e1f870bf18"},"type":"Compose","inputs":"@items('Disconnect')?['vlocity_cmt__RecurringCharge__c']"},"ComposeSale_1":{"runAfter":{"ChargeSales_1":["Succeeded"]},"metadata":{"operationMetadataId":"0fbd4446-3e0a-4cc8-833b-2e8ab17929f0"},"type":"Compose","inputs":"@formatDateTime(items('Disconnect')?['CreatedDate'],'MM-dd-yyyy')"}},"metadata":{"operationMetadataId":"98a14973-8d9b-4ad3-8743-a7eb08c58170"},"type":"Foreach"},"Create_CSV_Encore_Disconnect":{"runAfter":{"Disconnect":["Succeeded"]},"metadata":{"operationMetadataId":"6d964863-6b5a-4e05-9448-62ef5b0351f8"},"type":"Table","inputs":{"from":"@variables('CSVTableArrayEncoreDisconnect')","format":"CSV"}},"Create_Disconnect_File":{"runAfter":{"Create_CSV_Encore_Disconnect":["Succeeded"]},"metadata":{"operationMetadataId":"c15e5cef-16ab-4d6d-8aad-7fd21b7cfa7a"},"type":"OpenApiConnection","inputs":{"parameters":{"dataset":"https://libertypr.sharepoint.com/sites/B2B-Reports","folderPath":"/Shared Documents/Encore","name":"EncoreDisconnect@{formatDateTime(utcNow(),'MM-dd-yyyy')}.csv","body":"@body('Create_CSV_Encore_Disconnect')"},"host":{"apiId":"/providers/Microsoft.PowerApps/apis/shared_sharepointonline","connectionName":"shared_sharepointonline","operationId":"CreateFile"},"authentication":"@parameters('$authentication')"},"runtimeConfiguration":{"contentTransfer":{"transferMode":"Chunked"}}},"Encore_Disconnect_Email_Send":{"runAfter":{"Create_Disconnect_File":["Succeeded"]},"metadata":{"operationMetadataId":"8c5eb768-08a9-4eaf-9451-242e8de1d8c5"},"type":"OpenApiConnection","inputs":{"parameters":{"emailMessage/To":"obed.dejesus@libertypr.com;bryan.olivari@libertypr.com;carol.marrero@libertypr.com;alberto.sanabria@libertypr.com","emailMessage/Subject":"Encore Reports - Disconnect","emailMessage/Body":"<p class=\"editor-paragraph\">Encore by Liberty Mobile Disconnect report attached to email.</p><br><p class=\"editor-paragraph\">Encore Base Total: @{outputs('EncoreDsiconnectSize')}</p>","emailMessage/From":"B2B.ACD.ADMIN@libertypr.com","emailMessage/Attachments":[{"Name":"EncoreReportsDisconnect-@{formatDateTime(utcNow(),'MM-dd-yyyy')}.csv","ContentBytes":"@body('Create_CSV_Encore_Disconnect')"}],"emailMessage/Importance":"Normal"},"host":{"apiId":"/providers/Microsoft.PowerApps/apis/shared_office365","connectionName":"shared_office365","operationId":"SendEmailV2"},"authentication":"@parameters('$authentication')"}}}},"expression":{"and":[{"equals":["@body('Parse_JSONDisconnect')?['totalSize']",0]}]},"metadata":{"operationMetadataId":"d29949f8-6c0d-4747-9456-102a123ba768"},"type":"If"},"Encore_-_Change":{"runAfter":{},"metadata":{"operationMetadataId":"b95ad077-56c9-41a9-8670-63e64bc66657"},"type":"OpenApiConnection","inputs":{"parameters":{"queryParameters/query":"SELECT Id, \n       Order.Type, \n       Order.vlocity_cmt__Reason__c, \n       Order.OrderNumber, \n       Order.CustomOwner__c, \n       Order.Account.Parent.Name, \n       Order.Account.Name, \n       Order.vlocity_cmt__DeliveryMethod__c, \n       Order.vlocity_cmt__Delivery_Installation_Status__c, \n       Product2.Name, \n       Product2.vlocity_cmt__ObjectTypeName__c, \n       PRB2B_RegularOneTimeCharge__c, \n       PRB2B_OneTimeAdjustedCharge__c, \n       PRB2B_NumberOfInstallments__c, \n       vlocity_cmt__RecurringCharge__c, \n       Order.Account.Parent.Segment__c, \n       Order.Account.Segment__c, \n       Order.Account.MSISDN__c, \n       Order.Account.Parent.Id, \n       Order.PRB2B_FedExTrackingUrl__c, \n       Order.vlocity_cmt__TrackingNumber__c, \n       CreatedDate, \n       Product2.Family, \n       Product2.vlocity_cmt__Type__c, \n       PRB2B_License_Quantity__c,\n       Order.Account.Parent.PR_Email__c\nFROM OrderItem \nWHERE (Order.Account.Parent.Segment__c = 'B2B' OR Order.Account.Segment__c = 'B2B')\n      AND Product_Name__c = 'Encore by Liberty Business'\n      AND Product2.vlocity_cmt__Type__c = '3PP'\n      AND Order.Type != null \n     AND Order.Type = 'Change' \n     AND CreatedDate = YESTERDAY\nORDER BY CreatedDate DESC\n"},"host":{"apiId":"/providers/Microsoft.PowerApps/apis/shared_salesforce","connectionName":"shared_salesforce","operationId":"ExecuteSoqlQuery"},"authentication":"@parameters('$authentication')"}},"Compose-Change":{"runAfter":{"Encore_-_Change":["Succeeded"]},"metadata":{"operationMetadataId":"107b31f0-b090-44f7-b1dc-0136a046f21f"},"type":"Compose","inputs":"@body('Encore_-_Change')"},"Parse_JSONChange":{"runAfter":{"Compose-Change":["Succeeded"]},"metadata":{"operationMetadataId":"6d371816-8ee7-42f0-b8ca-9cb8d07db95a"},"type":"ParseJson","inputs":{"content":"@body('Encore_-_Change')","schema":{"type":"object","properties":{"body":{"type":"object","properties":{"totalSize":{"type":"integer"},"done":{"type":"boolean"},"records":{"type":"array","items":{"type":"object","properties":{"attributes":{"type":"object","properties":{"type":{"type":"string"},"url":{"type":"string"}}},"Id":{"type":"string"},"Order":{"type":"object","properties":{"attributes":{"type":"object","properties":{"type":{"type":"string"},"url":{"type":"string"}}},"Type":{"type":"string"},"vlocity_cmt__Reason__c":{"type":"string"},"OrderNumber":{"type":"string"},"CustomOwner__c":{"type":"string"},"Account":{"type":"object","properties":{"attributes":{"type":"object","properties":{"type":{"type":"string"},"url":{"type":"string"}}},"Parent":{"type":"object","properties":{"attributes":{"type":"object","properties":{"type":{"type":"string"},"url":{"type":"string"}}},"Name":{"type":"string"},"Segment__c":{"type":"string"},"Id":{"type":"string"},"PR_Email__c":{"type":"string"}}},"Name":{"type":"string"},"Segment__c":{"type":"string"},"MSISDN__c":{}}},"vlocity_cmt__DeliveryMethod__c":{"type":"string"},"vlocity_cmt__Delivery_Installation_Status__c":{},"PRB2B_FedExTrackingUrl__c":{"type":"string"},"vlocity_cmt__TrackingNumber__c":{}}},"Product2":{"type":"object","properties":{"attributes":{"type":"object","properties":{"type":{"type":"string"},"url":{"type":"string"}}},"Name":{"type":"string"},"vlocity_cmt__ObjectTypeName__c":{"type":"string"},"Family":{"type":"string"},"vlocity_cmt__Type__c":{"type":"string"}}},"PRB2B_RegularOneTimeCharge__c":{"type":"integer"},"PRB2B_OneTimeAdjustedCharge__c":{"type":"integer"},"PRB2B_NumberOfInstallments__c":{},"vlocity_cmt__RecurringCharge__c":{"type":"integer"},"CreatedDate":{"type":"string"},"PRB2B_License_Quantity__c":{}},"required":["attributes","Id","Order","Product2","PRB2B_RegularOneTimeCharge__c","PRB2B_OneTimeAdjustedCharge__c","PRB2B_NumberOfInstallments__c","vlocity_cmt__RecurringCharge__c","CreatedDate","PRB2B_License_Quantity__c"]}}}}}}}},"Encore-Change":{"runAfter":{"Parse_JSONChange":["Succeeded"]},"metadata":{"operationMetadataId":"b5b0ebdb-6575-47be-ac5b-54c3ce74d115"},"type":"InitializeVariable","inputs":{"variables":[{"name":"CSVTableArrayEncoreChange","type":"array"}]}},"EncoreChangeSize":{"runAfter":{"Encore-Change":["Succeeded"]},"metadata":{"operationMetadataId":"bcc381d4-2d47-4a70-80f8-8edb4c3c9038"},"type":"Compose","inputs":"@body('Parse_JSONChange')?['totalSize']"},"EncoreChange":{"actions":{"Send_an_email_(V2)_2":{"metadata":{"operationMetadataId":"6cfb3d57-1cba-41e1-ae2c-3159b4d10af6"},"type":"OpenApiConnection","inputs":{"parameters":{"emailMessage/To":"obed.dejesus@libertypr.com;bryan.olivari@libertypr.com;carol.marrero@libertypr.com;alberto.sanabria@libertypr.com","emailMessage/Subject":"Encore Change","emailMessage/Body":"<p class=\"editor-paragraph\">Yesterday there were no Encore by Liberty Mobile \"Change\" transactions.</p>","emailMessage/From":"B2B.ACD.ADMIN@libertypr.com","emailMessage/Importance":"Normal"},"host":{"apiId":"/providers/Microsoft.PowerApps/apis/shared_office365","connectionName":"shared_office365","operationId":"SendEmailV2"},"authentication":"@parameters('$authentication')"}}},"runAfter":{"EncoreChangeSize":["Succeeded"]},"else":{"actions":{"Change":{"foreach":"@body('Parse_JSONChange')?['records']","actions":{"CusNameSales_2":{"metadata":{"operationMetadataId":"4f15b6e8-80eb-48b6-bbc4-e8fbdb0a030a"},"type":"Compose","inputs":"@items('Change')?['Order']['CustomOwner__c']"},"CompNameSales_2":{"runAfter":{"CusNameSales_2":["Succeeded"]},"metadata":{"operationMetadataId":"f9d4c251-2d3e-4253-933e-5558a1f2754a"},"type":"Compose","inputs":"@items('Change')?['Order']?['Account']?['Parent']?['Name']"},"OrderNumSales_2":{"runAfter":{"CompNameSales_2":["Succeeded"]},"metadata":{"operationMetadataId":"2a812bd9-b55b-41ee-abe9-2c2784a8d13a"},"type":"Compose","inputs":"@items('Change')?['Order']?['OrderNumber']"},"TypeOrSales_2":{"runAfter":{"OrderNumSales_2":["Succeeded"]},"metadata":{"operationMetadataId":"9137fb56-6d11-468c-b70d-7fad8a731bed"},"type":"Compose","inputs":"@items('Change')?['Order']?['Type']"},"VReasonSales_2":{"runAfter":{"TypeOrSales_2":["Succeeded"]},"metadata":{"operationMetadataId":"d27c59d5-55ab-4896-8def-38a78a967bc9"},"type":"Compose","inputs":"@items('Change')?['Order']?['vlocity_cmt__Reason__c']"},"PNameSales_2":{"runAfter":{"VReasonSales_2":["Succeeded"]},"metadata":{"operationMetadataId":"b46a4318-2869-4692-995a-5ee676b0455f"},"type":"Compose","inputs":"@items('Change')?['Product2']?['Name']"},"Append_to_array_variable_3":{"runAfter":{"ComposeSale_2":["Succeeded"]},"metadata":{"operationMetadataId":"5f0fdb8f-2ae1-410b-b5f4-8aeb0235177e"},"type":"AppendToArrayVariable","inputs":{"name":"CSVTableArrayEncoreChange","value":{"CusName":"@items('Change')?['Order']?['CustomOwner__c']","CompName":"@items('Change')?['Order']?['Account']?['Parent']?['Name']","Email":"@items('Change')?['Order']?['Account']?['Parent']?['PR_Email__c']","OrderNum":"@items('Change')?['Order']?['OrderNumber']","TypeOr":"@items('Change')?['Order']?['Type']","VReason":"@items('Change')?['Order']?['vlocity_cmt__Reason__c']","Price":"@items('Change')?['vlocity_cmt__RecurringCharge__c']","PName":"@items('Change')?['Product2']?['Name']","CDate":"@formatDateTime(items('Change')?['CreatedDate'],'MM-dd-yyyy')","ReportDate":"@formatDateTime(utcNow(),'MM-dd-yyyy')"}}},"ChargeSales_2":{"runAfter":{"PNameSales_2":["Succeeded"]},"metadata":{"operationMetadataId":"c33a6971-b5a6-4a5a-85ca-787639022967"},"type":"Compose","inputs":"@items('Change')?['vlocity_cmt__RecurringCharge__c']"},"ComposeSale_2":{"runAfter":{"ChargeSales_2":["Succeeded"]},"metadata":{"operationMetadataId":"f6d160b2-d661-42a7-9324-6986c532daec"},"type":"Compose","inputs":"@formatDateTime(items('Change')?['CreatedDate'],'MM-dd-yyyy')"}},"metadata":{"operationMetadataId":"a742b904-a505-4197-aba6-47fe53902d07"},"type":"Foreach"},"Create_CSV_Encore_Change":{"runAfter":{"Change":["Succeeded"]},"metadata":{"operationMetadataId":"491e8090-3f28-46a8-8730-2347e389fd8d"},"type":"Table","inputs":{"from":"@variables('CSVTableArrayEncoreChange')","format":"CSV"}},"Create_file_3":{"runAfter":{"Create_CSV_Encore_Change":["Succeeded"]},"metadata":{"operationMetadataId":"a641d524-532a-4f9f-81c7-5d1dd8fca0ef"},"type":"OpenApiConnection","inputs":{"parameters":{"dataset":"https://libertypr.sharepoint.com/sites/B2B-Reports","folderPath":"/Shared Documents/Encore","name":"EncoreChange@{formatDateTime(utcNow(),'MM-dd-yyyy')}.csv","body":"@body('Create_CSV_Encore_Change')"},"host":{"apiId":"/providers/Microsoft.PowerApps/apis/shared_sharepointonline","connectionName":"shared_sharepointonline","operationId":"CreateFile"},"authentication":"@parameters('$authentication')"},"runtimeConfiguration":{"contentTransfer":{"transferMode":"Chunked"}}},"Encore_Disconnect_Email_Send-copy":{"runAfter":{"Create_file_3":["Succeeded"]},"metadata":{"operationMetadataId":"b78943ef-d819-4ee3-b2ac-352cb0759469"},"type":"OpenApiConnection","inputs":{"parameters":{"emailMessage/To":"obed.dejesus@libertypr.com;bryan.olivari@libertypr.com;carol.marrero@libertypr.com;alberto.sanabria@libertypr.com","emailMessage/Subject":"Encore Reports - Change","emailMessage/Body":"<p class=\"editor-paragraph\">Encore by Liberty Mobile Change report attached to email.</p><br><p class=\"editor-paragraph\">Encore Base Total: @{outputs('EncoreChangeSize')}</p>","emailMessage/From":"B2B.ACD.ADMIN@libertypr.com","emailMessage/Attachments":[{"Name":"EncoreReportsChange-@{formatDateTime(utcNow(),'MM-dd-yyyy')}.csv","ContentBytes":"@body('Create_CSV_Encore_Change')"}],"emailMessage/Importance":"Normal"},"host":{"apiId":"/providers/Microsoft.PowerApps/apis/shared_office365","connectionName":"shared_office365","operationId":"SendEmailV2"},"authentication":"@parameters('$authentication')"}}}},"expression":{"and":[{"equals":["@body('Parse_JSONChange')?['totalSize']",0]}]},"metadata":{"operationMetadataId":"a5d251cc-0394-455c-aac0-eb78df48ae9e"},"type":"If"}},"description":"Daily Run an SOQL Querie that validate the encore Product in the following Order Types:\nBase- Customer Base\nSales\nDisconnect\nChange\nCreate and .CSV file and deposit it on the B2B Reports Sharepoint Encore Folder"},"connectionReferences":{"shared_salesforce":{"connectionName":"shared-salesforce-0995cec1-5e0a-4169-8f16-aa7c1ba83aba","source":"Embedded","id":"/providers/Microsoft.PowerApps/apis/shared_salesforce","tier":"NotSpecified","apiName":"salesforce","isProcessSimpleApiReferenceConversionAlreadyDone":false},"shared_office365":{"connectionName":"shared-office365-eec0af6b-bfd4-43b8-934a-90b3342f3cfe","source":"Embedded","id":"/providers/Microsoft.PowerApps/apis/shared_office365","tier":"NotSpecified","apiName":"office365","isProcessSimpleApiReferenceConversionAlreadyDone":false},"shared_sharepointonline":{"connectionName":"shared-sharepointonl-2726fb54-b952-45d4-a42a-c1d29ce055c8","source":"Embedded","id":"/providers/Microsoft.PowerApps/apis/shared_sharepointonline","tier":"NotSpecified","apiName":"sharepointonline","isProcessSimpleApiReferenceConversionAlreadyDone":false}},"flowFailureAlertSubscribed":false,"isManaged":false}}