{"name":"f39444f5-d6a8-4eef-bc46-5377092ffd6a","id":"/providers/Microsoft.Flow/flows/f39444f5-d6a8-4eef-bc46-5377092ffd6a","type":"Microsoft.Flow/flows","properties":{"apiId":"/providers/Microsoft.PowerApps/apis/shared_logicflows","displayName":"Mobility Control","definition":{"metadata":{"workflowEntityId":null,"processAdvisorMetadata":null,"flowChargedByPaygo":null,"flowclientsuspensionreason":"None","flowclientsuspensiontime":null,"flowclientsuspensionreasondetails":null,"creator":{"id":"5ca9a723-598f-43f1-8c85-ad7b425165d4","type":"User","tenantId":"9242cfad-7d27-4710-9998-e8c4de90927e"},"provisioningMethod":"FromDefinition","failureAlertSubscription":true,"clientLastModifiedTime":"2025-10-09T14:55:13.7207648Z","connectionKeySavedTimeKey":"2025-10-09T14:55:13.7207648Z","creationSource":"Portal","modifiedSources":"Portal"},"$schema":"https://schema.management.azure.com/providers/Microsoft.Logic/schemas/2016-06-01/workflowdefinition.json#","contentVersion":"undefined","parameters":{"$authentication":{"defaultValue":{},"type":"SecureObject"},"$connections":{"defaultValue":{},"type":"Object"}},"triggers":{"Recurrence":{"recurrence":{"frequency":"Day","interval":1,"timeZone":"SA Western Standard Time","startTime":"2025-03-25T03:00:00.000Z","schedule":{"hours":["23"],"minutes":[30]}},"metadata":{"operationMetadataId":"b9dcb5de-58c8-4463-90a3-3c52409e5402"},"type":"Recurrence"}},"actions":{"Get_items":{"runAfter":{},"metadata":{"operationMetadataId":"5e14dee4-02c2-411c-a229-7190c69e1a40"},"type":"OpenApiConnection","inputs":{"parameters":{"dataset":"https://libertypr.sharepoint.com/sites/B2B-Reports","table":"39c0ffc4-bbc4-465e-b421-ffeb2af6c2ad","$filter":"Created ge '@{formatDateTime(addHours(utcNow(), -8), 'yyyy-MM-dd')}' and Created lt '@{formatDateTime(addHours(addDays(utcNow(), 1), -8), 'yyyy-MM-dd')}'\n"},"host":{"apiId":"/providers/Microsoft.PowerApps/apis/shared_sharepointonline","connectionName":"shared_sharepointonline","operationId":"GetItems"},"authentication":"@parameters('$authentication')"}},"Create_CSV_table":{"runAfter":{"Get_items":["Succeeded"]},"metadata":{"operationMetadataId":"25a4b013-d124-4bb5-89a8-7ee5975dddbd"},"type":"Table","inputs":{"from":"@outputs('Get_items')?['body/value']","format":"CSV","columns":[{"header":"RequestorName","value":"@item()?['Title']"},{"header":"RequestorEmail","value":"@item()?['Email']"},{"header":"Action","value":"@item()?['ActiontobePerformed/Value']"},{"header":"AccountName","value":"@item()?['AccountName']"},{"header":"CustomerAdminName","value":"@item()?['CustomerAdminName']"},{"header":"CustomerAdminEmail","value":"@item()?['Customeradminemailaddress']"},{"header":"MSISDNs","value":"@item()?['MSISDNs']"},{"header":"DeviceName","value":"@item()?['DeviceName']"},{"header":"BAN-CAN","value":"@item()?['AccountID_x002f_BAN_x002d_CAN']"},{"header":"AccountID","value":"@item()?['AccountIDValidation']"},{"header":"ModifyAction","value":"@item()?['Modify/Value']"},{"header":"CreationDate","value":"@formatDateTime(item()?['Created'],'MM-dd-yyyy')"}]}},"Create_file_Sharepoint":{"runAfter":{"Create_CSV_table":["Succeeded"]},"metadata":{"operationMetadataId":"ceb0fbe2-4749-4d65-94cb-281129d7c683"},"type":"OpenApiConnection","inputs":{"parameters":{"dataset":"https://libertypr.sharepoint.com/sites/B2B-Reports","folderPath":"/Shared Documents/Projects","name":"MobilityControl_@{formatDateTime(addDays(utcNow(), -1), 'MM-dd-yyyy')}.csv","body":"@body('Create_CSV_table')"},"host":{"apiId":"/providers/Microsoft.PowerApps/apis/shared_sharepointonline","connectionName":"shared_sharepointonline","operationId":"CreateFile"},"authentication":"@parameters('$authentication')"},"runtimeConfiguration":{"contentTransfer":{"transferMode":"Chunked"}}},"Send_Confirmation_Email":{"runAfter":{"Create_file_Sharepoint":["Succeeded"]},"metadata":{"operationMetadataId":"82dcfede-c73a-44da-a703-f2841ca45189"},"type":"OpenApiConnection","inputs":{"parameters":{"emailMessage/To":"obed.dejesus@libertypr.com","emailMessage/Subject":"TEST AKAMAI","emailMessage/Body":"<p class=\"editor-paragraph\">TEST</p>","emailMessage/Attachments":[{"Name":"MobilityControl_@{formatDateTime(utcNow(),'MM-dd-yyyy')}.csv","ContentBytes":"@body('Create_CSV_table')"}],"emailMessage/Importance":"Normal"},"host":{"apiId":"/providers/Microsoft.PowerApps/apis/shared_office365","connectionName":"shared_office365","operationId":"SendEmailV2"},"authentication":"@parameters('$authentication')"}},"Create_CSV_File_SFTP":{"runAfter":{"Create_CSV_table":["Succeeded"]},"type":"OpenApiConnection","inputs":{"parameters":{"folderPath":"/B2B Reports/Mobility Control/Akamai Request","name":"Mobility_Control_@{formatDateTime(utcNow(),'MM-dd-yyyy')}.csv","body":"@body('Create_CSV_table')","ReadFileMetadataFromServer":true},"host":{"apiId":"/providers/Microsoft.PowerApps/apis/shared_sftpwithssh","connectionName":"shared_sftpwithssh-1","operationId":"CreateFile"},"authentication":"@parameters('$authentication')"},"runtimeConfiguration":{"contentTransfer":{"transferMode":"Chunked"}}},"For_each":{"foreach":"@outputs('Get_items')?['body/value']","actions":{"Post_card_in_a_chat_or_channel":{"type":"OpenApiConnection","inputs":{"parameters":{"poster":"Flow bot","location":"Chat with Flow bot","body/recipient":"obed.dejesus@libertypr.com","body/messageBody":"{\n    \"type\": \"AdaptiveCard\",\n    \"body\": [\n        {\n            \"type\": \"TextBlock\",\n            \"size\": \"Medium\",\n            \"weight\": \"Bolder\",\n            \"text\": \"Archivo Cargado Exitosamente\"\n        },\n        {\n            \"type\": \"ColumnSet\",\n            \"columns\": [\n                {\n                    \"type\": \"Column\",\n                    \"items\": [\n                        {\n                            \"type\": \"Image\",\n                            \"style\": \"Person\",\n                            \"url\": \"@{items('For_each')?['Author/Picture']}\",\n                            \"altText\": \"${creator.name}\",\n                            \"size\": \"Small\"\n                        }\n                    ],\n                    \"width\": \"auto\"\n                },\n                {\n                    \"type\": \"Column\",\n                    \"items\": [\n                        {\n                            \"type\": \"TextBlock\",\n                            \"weight\": \"Bolder\",\n                            \"text\": \"Created by: @{items('For_each')?['Author/DisplayName']} \",\n                            \"wrap\": true\n                        },\n                        {\n                            \"type\": \"TextBlock\",\n                            \"spacing\": \"None\",\n                            \"text\": \"Created @{formatDateTime(utcNow(),'MM/dd/yyyy')}\",\n                            \"isSubtle\": true,\n                            \"wrap\": true\n                        }\n                    ],\n                    \"width\": \"stretch\"\n                }\n            ]\n        },\n        {\n            \"type\": \"TextBlock\",\n            \"text\": \"El archivo de Mobility Control fue cargado de manera exitosa. Favor de esperar la confirmación, la misma puede tardar de 24-48. Una vez reciba la confrimación puede ingresar a Salesforce para añadir el servicio en la cuenta correspondiente.\",\n            \"wrap\": true\n        }\n    ],\n    \"actions\": [\n        {\n            \"type\": \"Action.OpenUrl\",\n            \"title\": \"View\",\n            \"url\": \"https://apps.powerapps.com/play/e/default-9242cfad-7d27-4710-9998-e8c4de90927e/a/e4cfa46d-bda1-40b4-859e-aba234325900?tenantId=9242cfad-7d27-4710-9998-e8c4de90927e&hint=4f8d6d79-bdf2-46cf-9be5-de7716ff7293&sourcetime=1745602474347\"\n        }\n    ],\n    \"$schema\": \"http://adaptivecards.io/schemas/adaptive-card.json\",\n    \"version\": \"1.5\"\n}"},"host":{"apiId":"/providers/Microsoft.PowerApps/apis/shared_teams","connectionName":"shared_teams","operationId":"PostCardToConversation"},"authentication":"@parameters('$authentication')"}}},"runAfter":{"Create_CSV_File_SFTP":["Succeeded"]},"type":"Foreach"}},"description":"This automation work together with Mobility Control PowerApp once the Executive fill the form on PowerApp trigger the automation that get the item created in the Mobility Control Sharepoint List located on the B2B-Reports SharePoint Send an Email y Upload to the LIBERTY SFTP Mobility Control/Akamai Request"},"connectionReferences":{"shared_sharepointonline":{"connectionName":"shared-sharepointonl-2726fb54-b952-45d4-a42a-c1d29ce055c8","source":"Embedded","id":"/providers/Microsoft.PowerApps/apis/shared_sharepointonline","tier":"NotSpecified","apiName":"sharepointonline","isProcessSimpleApiReferenceConversionAlreadyDone":false},"shared_office365":{"connectionName":"shared-office365-eec0af6b-bfd4-43b8-934a-90b3342f3cfe","source":"Embedded","id":"/providers/Microsoft.PowerApps/apis/shared_office365","tier":"NotSpecified","apiName":"office365","isProcessSimpleApiReferenceConversionAlreadyDone":false},"shared_sftpwithssh-1":{"connectionName":"1d343578f2614246bf84f0bee0a54a08","source":"Embedded","id":"/providers/Microsoft.PowerApps/apis/shared_sftpwithssh","tier":"NotSpecified","apiName":"sftpwithssh","isProcessSimpleApiReferenceConversionAlreadyDone":false},"shared_teams":{"connectionName":"shared-teams-89a8e09e-8653-4455-b343-202683b333f2","source":"Embedded","id":"/providers/Microsoft.PowerApps/apis/shared_teams","tier":"NotSpecified","apiName":"teams","isProcessSimpleApiReferenceConversionAlreadyDone":false}},"flowFailureAlertSubscribed":false,"isManaged":false}}