{"name":"d220ef66-c592-49e9-8b91-9bb554cd88e9","id":"/providers/Microsoft.Flow/flows/d220ef66-c592-49e9-8b91-9bb554cd88e9","type":"Microsoft.Flow/flows","properties":{"apiId":"/providers/Microsoft.PowerApps/apis/shared_logicflows","displayName":"HTTP Request Form To Lead","definition":{"metadata":{"workflowEntityId":null,"processAdvisorMetadata":null,"flowChargedByPaygo":null,"flowclientsuspensionreason":"None","flowclientsuspensiontime":null,"flowclientsuspensionreasondetails":null,"creator":{"id":"5ca9a723-598f-43f1-8c85-ad7b425165d4","type":"User","tenantId":"9242cfad-7d27-4710-9998-e8c4de90927e"},"provisioningMethod":"FromDefinition","failureAlertSubscription":true,"clientLastModifiedTime":"2025-10-06T17:55:23.1241251Z","connectionKeySavedTimeKey":"2025-10-06T17:55:23.1241251Z","creationSource":"Portal","modifiedSources":"Portal;PowerAutomateMobile"},"$schema":"https://schema.management.azure.com/providers/Microsoft.Logic/schemas/2016-06-01/workflowdefinition.json#","contentVersion":"undefined","parameters":{"$authentication":{"defaultValue":{},"type":"SecureObject"},"$connections":{"defaultValue":{},"type":"Object"}},"triggers":{"manual":{"metadata":{"operationMetadataId":"e2309275-233b-4397-8cc3-5e06f8c90da4"},"type":"Request","kind":"Http","inputs":{"schema":{"firstName":"Juan","lastName":"Del Pueblo","email":"juan.delpueblo@libertypr.com","business":"Juan Del Pueblo Company","contact":"7877870101","provider":"LibertyPR","device":"Device Name","color":"Device Color","capacity":"Device Capacity","consent":true,"submittedAt":"Submitted Date","utm_source":"","utm_medium":"","utm_campaign":"","utm_term":"","utm_content":"","action":"Change Device"},"triggerAuthenticationType":"All"},"runtimeConfiguration":{"concurrency":{"runs":50,"maximumWaitingRuns":100}}}},"actions":{"Parse_JSON":{"runAfter":{},"metadata":{"operationMetadataId":"89b7714d-f926-48ba-9883-6f8e4b3ccb84"},"type":"ParseJson","inputs":{"content":"@triggerBody()","schema":{"type":"object","properties":{"firstName":{"type":"string"},"lastName":{"type":"string"},"email":{"type":"string"},"business":{"type":"string"},"contact":{"type":"string"},"provider":{"type":"string"},"device":{"type":"string"},"color":{"type":"string"},"capacity":{"type":"string"},"consent":{"type":"boolean"},"submittedAt":{"type":"string"},"utm_source":{"type":"string"},"utm_medium":{"type":"string"},"utm_campaign":{"type":"string"},"utm_term":{"type":"string"},"utm_content":{"type":"string"},"action":{"type":"string"}}}}},"Action_Control":{"actions":{"Create_record":{"metadata":{"operationMetadataId":"a9a18deb-eb96-4bd6-90ef-2c1f7e93aada"},"type":"OpenApiConnection","inputs":{"parameters":{"table":"Lead","item/LastName":"@body('Parse_JSON')?['lastname']","item/Company":"@body('Parse_JSON')?['business']","item/FirstName":"@body('Parse_JSON')?['firstName']","item/Phone":"@body('Parse_JSON')?['contact']","item/Email":"@body('Parse_JSON')?['email']","item/Status":"New","item/RecordTypeId":"0124X0000018IeaQAE","item/Title":"NPI Pre-Order - Upgrade","item/Description":"Pre-Order Summary:\nModel: @{body('Parse_JSON')?['device']}\nColor: @{body('Parse_JSON')?['color']}\nCapacity: @{body('Parse_JSON')?['capacity']}\nCarrier: @{body('Parse_JSON')?['provider']} @{body('Parse_JSON')?['action']}","item/LeadSource":"Advertisement","item/Industry":"Other","item/Z_Product_of_Interest__c":["MOBILE"],"item/Employee_Range__c":"16-25","item/Products_of_Interest__c":"Mobile","item/Product_of_Interest__c":"Mobile","item/Sub_Products_of_Interest__c":["Internet","Mobile"],"item/Type_of_Inquiry__c":"Sales","item/Type_of_services_subscribed_to__c":"Mobile Services","item/Advertisement_source__c":"Website - Libertybusinesspr.com","item/Account_Type__c":"SOHO/Small","item/Customer_Type__c":"Direct","item/Lead_Type__c":"Hot Lead","item/Preferred_Language__c":"English","item/PR_Employee_Range__c":"1-29","item/CR_UTM_Campaign__c":"@body('Parse_JSON')?['utm_campaign']","item/CR_UTM_Source__c":"@body('Parse_JSON')?['utm_source']","item/CR_UTM_Term__c":"@body('Parse_JSON')?['utm_term']","item/CR_UTM_Medium__c":"@body('Parse_JSON')?['utm_medium']","item/CR_UTM_Content__c":"@body('Parse_JSON')?['utm_content']"},"host":{"apiId":"/providers/Microsoft.PowerApps/apis/shared_salesforce","connectionName":"shared_salesforce","operationId":"PostItem_V2"},"authentication":"@parameters('$authentication')"}},"Update_Lead":{"runAfter":{"Create_record":["Succeeded"]},"metadata":{"operationMetadataId":"38511a2b-7bb4-4f7d-968c-17e1d3371736"},"type":"OpenApiConnection","inputs":{"parameters":{"table":"Lead","id":"@outputs('Create_record')?['body/Id']","item/LastName":"@outputs('Create_record')?['body/LastName']","item/Company":"@outputs('Create_record')?['body/Company']","item/OwnerId":"0054X00000DY0VUQA1"},"host":{"apiId":"/providers/Microsoft.PowerApps/apis/shared_salesforce","connectionName":"shared_salesforce","operationId":"PatchItem_V3"},"authentication":"@parameters('$authentication')"}},"Create_item":{"runAfter":{"Update_Lead":["Succeeded"]},"metadata":{"operationMetadataId":"8832de62-ef5c-4592-bcf5-67326e8b5e74"},"type":"OpenApiConnection","inputs":{"parameters":{"dataset":"https://libertypr.sharepoint.com/sites/B2BPre-OrdersW","table":"d36a33aa-8f80-494c-b8dd-a28684d61040","item/Title":"@body('Parse_JSON')?['firstName']","item/LastName":"@body('Parse_JSON')?['lastName']","item/CorreoElectronico":"@body('Parse_JSON')?['email']","item/consent":"@body('Parse_JSON')?['consent']","item/Empresa_x002f_Negocio":"@body('Parse_JSON')?['business']","item/Proovedor":"@body('Parse_JSON')?['provider']","item/LibertyAction":"@body('Parse_JSON')?['action']","item/NumeroTelefono":"@body('Parse_JSON')?['contact']","item/Modelo":"@body('Parse_JSON')?['device']","item/Color":"@body('Parse_JSON')?['color']","item/Capacidad":"@body('Parse_JSON')?['capacity']","item/Estado/Value":"Recieved","item/LeadID":"@outputs('Create_record')?['body/Id']"},"host":{"apiId":"/providers/Microsoft.PowerApps/apis/shared_sharepointonline","connectionName":"shared_sharepointonline","operationId":"PostItem"},"authentication":"@parameters('$authentication')"}},"Email_Template_Existing":{"runAfter":{"Update_Lead":["Succeeded"]},"metadata":{"operationMetadataId":"54d8c18b-8b52-41d8-910d-4a54c0ae153a"},"type":"Compose","inputs":"</head>\n<body class=\"body\">\n<table cellspacing=\"0\" cellpadding=\"0\" width=\"100%\" height=\"100%\" style=\"min-width:100%;\" bgcolor=\"#fafafa\" class=\"gwfw olf\">\n<tr>\n<td width=\"100%\" align=\"center\" style=\"vertical-align:top;\">\n<table cellspacing=\"0\" cellpadding=\"0\" width=\"610\" class=\"ol610 fw\">\n<tr>\n<td style=\"padding:0 5px;\" class=\"iph\">\n<table cellspacing=\"0\" cellpadding=\"0\" width=\"600\" bgcolor=\"#ffffff\" class=\"ol600 fw\">\n<tr>\n<td height=\"20\"></td>\n</tr>\n<tr e-block-id=\"68a48fa08ff907f5c5000004\">\n<td align=\"center\" bgcolor=\"#ffffff\"><img e-editable=\"imageA_1\" src=\"https://mail-lnk.libertypr.com/custloads/837621947/md_335833.jpg\" width=\"700\" border=\"0\" style=\"display: block; width: 700px;\" class=\"image\" alt></td>\n</tr>\n<tr e-block-id=\"655cf7a89faad1eb91000001\">\n<td bgcolor=\"#ffffff\" style=\"padding:0 10px;\">\n<table cellpadding=\"0\" cellspacing=\"0\" width=\"100%\">\n<tr>\n<td align=\"left\" class=\"lh la1a\" style=\"line-height: 1.2;\"><font e-editable=\"textC_1\" class=\"ff fs16 fc1 gf\" style=\"font-family: Arial, Helvetica, sans-serif; font-size: 16px; color: #000000; line-height: 1.2;\"></font></td>\n</tr>\n<tr>\n<td height></td>\n</tr>\n</table>\n</td>\n</tr><tr e-block-id=\"655cf8d69faad1eb91000002\">\n<td bgcolor=\"#ffffff\" style=\"padding:0 10px;\">\n<table cellpadding=\"0\" cellspacing=\"0\" width=\"100%\">\n<tr>\n<td align=\"left\" class=\"lh la1a\" style=\"line-height: 1.2;\"><font e-editable=\"textC_1\" class=\"ff fs16 fc1 gf\" style=\"font-family: Arial, Helvetica, sans-serif; font-size: 16px; color: #000000; line-height: 1.2;\"><br>Hi&nbsp @{body('Parse_JSON')?['business']};<strong></strong><br><br><span style=\"font-size: 17px;\">Thank you for pre-ordering the new <span style=\"color: #000000;\"><strong>@{body('Parse_JSON')?['device']} @{body('Parse_JSON')?['color']} @{body('Parse_JSON')?['capacity']}</strong></span> with us!</span><br> <br><span style=\"font-size: 17px;\">We’ve successfully received your completed form and are currently working on your request.&nbsp;</span><span style=\"font-size: 17px;\">A representative will reach out to you to finalize the details of your order process.<br> </span><br><span style=\"font-size: 17px;\">If you have any questions or need further assistance, contact us at <strong>611</strong> from your Liberty phone, or by calling <strong>787-699-0000</strong>.<br> </span><br><span style=\"font-size: 17px;\">We’re as excited as you are about your new device!<br></span><br><span style=\"color: #0097fe;\"><strong>Liberty Business<br></strong></span>With Your Business Always<br></font></td>\n</tr>\n<tr>\n<td height></td>\n</tr>\n</table>\n</td>\n</tr><tr e-block-id=\"64d2575480b2fb51df000007\">\n<td bgcolor=\"#ffffff\" height=\"7\"></td>\n</tr><tr e-block-id=\"655cf9ce9faad1eb91000004\">\n<td bgcolor=\"#ffffff\" height=\"30\"></td>\n</tr>\n<tr e-block-id=\"64620f5319e2b205ad000001\">\n<td bgcolor=\"#0098fe\">\n<table cellspacing=\"0\" cellpadding=\"0\" width=\"100%\">\n<tr>\n<td>\n<table cellpadding=\"0\" cellspacing=\"0\" width=\"100%\">\n<tr>\n<td width=\"20\"></td>\n<td align=\"center\"><a e-editable=\"image_urlA_1\" href=\"https://www.libertypr.com/es/\" target=\"_blank\" style=\"text-decoration: none; font-weight: normal; color: #000000;\"><img e-editable=\"imageA_1\" src=\"https://mail-lnk.libertypr.com/custloads/837621947/md_35304.png\" width=\"150\" border=\"0\" style=\"display: block; width: 150px;\" alt=\"Liberty Busines Logo\"></a></td>\n<td width=\"20\"></td>\n</tr>\n</table>\n</td>\n</tr>\n<tr>\n<td height=\"16\"></td>\n</tr>\n</table>\n</td>\n</tr>\n<tr e-block-id=\"649093607dbb921c57000002\">\n<td bgcolor=\"#0098fe\" align=\"center\">\n<table cellspacing=\"0\" cellpadding=\"0\" class=\"comt\">\n<tr>\n<td width=\"40\"></td>\n<td class=\"mwn vam\" style=\"vertical-align: middle;\" valign=\"middle\"><a e-editable=\"image_urlA_2\" href=\"https://www.facebook.com/LibertyBusiness/\" target=\"_blank\" style=\"text-decoration: none; font-weight: normal; color: #000000;\"><img e-editable=\"imageA_2\" src=\"https://mail-lnk.libertypr.com/custloads/837621947/md_24181.png\" width=\"25\" border=\"0\" style=\"display: block; width: 25px;\" alt=\"Icon2\"></a></td>\n<td width=\"40\"></td>\n<td class=\"mwn vam\" style=\"vertical-align: middle;\" valign=\"middle\"><a e-editable=\"image_urlA_4\" href=\"https://www.instagram.com/libertybusinesspr/\" target=\"_blank\" style=\"text-decoration: none; font-weight: normal; color: #000000;\"><img e-editable=\"imageA_4\" src=\"https://mail-lnk.libertypr.com/custloads/837621947/md_24179.png\" width=\"25\" border=\"0\" style=\"display: block; width: 25px;\" alt=\"Icon4\"></a></td>\n<td width=\"40\"></td>\n<td class=\"mwn vam\" style=\"vertical-align: middle;\" valign=\"middle\"><a e-editable=\"image_urlA_5\" href=\"https://www.youtube.com/channel/UCq0dvTWqwHwU5ayLqM1ddGQ\" target=\"_blank\" style=\"text-decoration: none; font-weight: normal; color: #000000;\"><img e-editable=\"imageA_5\" src=\"https://mail-lnk.libertypr.com/custloads/837621947/md_24178.png\" width=\"25\" border=\"0\" style=\"display: block; width: 25px;\" alt=\"Icon5\"></a></td>\n<td width=\"40\"></td>\n<td class=\"mwn vam\" style=\"vertical-align: middle;\" valign=\"middle\"><a e-editable=\"image_urlA_6\" href=\"https://linkedin.com/company/libertybusiness/\" target=\"_blank\" style=\"text-decoration: none; font-weight: normal; color: #000000;\"><img e-editable=\"imageA_6\" src=\"https://mail-lnk.libertypr.com/custloads/837621947/md_24182.png\" width=\"25\" border=\"0\" style=\"display: block; width: 25px;\" alt=\"Icon6\"></a></td>\n<td width=\"40\"></td>\n</tr>\n</table>\n</td>\n</tr>\n<tr e-block-id=\"655cbce54b4fc80267000003\">\n<td bgcolor=\"#0098fe\">\n<table cellspacing=\"0\" cellpadding=\"0\" width=\"100%\">\n<tr>\n<td width=\"20\"></td>\n<td>\n<table cellspacing=\"0\" cellpadding=\"0\" width=\"100%\">\n<tr>\n<td height=\"5\"></td>\n</tr>\n<tr>\n<td align=\"center\" class=\"lh la1a\" style=\"line-height: 1.2;\"><font e-editable=\"textA_1\" class=\"ff fs12 fc1 small\" style=\"font-family: 'Poppins', sans-serif; font-size: 12px; color: #000000; line-height: 1.2;\"><span style=\"color: #ffffff;\"><br>Our mailing address is:</span><br><span style=\"color: #ffffff;\"> &nbsp;Liberty Communications of PR</span><br><span style=\"color: #ffffff;\"> 279 Avenida Ponce de León</span><br><span style=\"color: #ffffff;\"> San Juan, PR 00917</span><br></font></td>\n</tr>\n<tr>\n<td height=\"5\"></td>\n</tr>\n</table>\n</td>\n<td width=\"20\"></td>\n</tr>\n</table>\n</td>\n</tr>\n<tr e-block-id=\"59228e61abee9f7c78000135\">\n<td bgcolor=\"#0098fe\">\n<table cellspacing=\"0\" cellpadding=\"0\" width=\"100%\">\n<tr>\n<td width=\"20\"></td>\n<td>\n<table cellspacing=\"0\" cellpadding=\"0\" width=\"100%\">\n<tr>\n<td height=\"15\"></td>\n</tr>\n<tr>\n<td align=\"center\" class=\"lh la1a\" style=\"line-height: 1.2;\"><font e-editable=\"textA_1\" class=\"ff fs12 fc1 small\" style=\"font-family: 'Poppins', sans-serif; font-size: 12px; color: #000000; line-height: 1.2;\"><br><span style=\"color: #ffffff;\">&#xa9; Trademark #L_2024 #LibertyPR, Todos los derechos reservados Liberty y el logo de</span><br><span style=\"color: #ffffff;\"> Liberty son marcas registradas de Liberty Communications of Puerto Rico LLC</span><br></font></td>\n</tr>\n<tr>\n<td height=\"15\"></td>\n</tr>\n</table>\n</td>\n<td width=\"20\"></td>\n</tr>\n</table>\n</td>\n</tr>\n<tr e-block-id=\"68a490938ff907f5c5000005\">\n<td bgcolor=\"#0098ff\">\n<table cellspacing=\"0\" cellpadding=\"0\" width=\"100%\">\n<tr>\n<td width=\"20\"></td>\n<td>\n<table cellspacing=\"0\" cellpadding=\"0\" width=\"100%\">\n<tr>\n<td height=\"30\"></td>\n</tr>\n<tr>\n<td align=\"center\" class=\"lh la1a\" style=\"line-height: 1.2;\"><font e-editable=\"textA_1\" class=\"ff fs12 fc1 small\" style=\"font-family: 'Poppins', sans-serif; font-size: 12px; color: #000000; line-height: 1.2;\"><span style=\"color: #ffffff;\"><a e-editable=\"urlA_1\" href=\"http://mail-lnk.libertybusinesspr.com/u/un.php?par=$uid$_70941_$llid$_$sid$&_esuh=_11_c4e127f0e62a75f949f555c6cd9742501440a8ecfa673563ca9f0c03270cd153\" target=\"_blank\" class=\"tlink\" e-block-id=\"627ad6e7aa583418e6000002\" style=\"font-weight: bold; text-decoration: underline; outline: none; color: #ffffff;\" rel=\"noopener\"><span class=\"tlinkf2\" style=\"font-family: 'Poppins', sans-serif; color: #ffffff; font-weight: bold; text-decoration: underline; outline: none;\" data-link-attributes=\"%7B%22href%22:%22http://mail-lnk.libertybusinesspr.com/u/un.php?par=$uid$_70941_$llid$_$sid$%22,%22target%22:%22_blank%22%7D&_esuh=_11_a7e016fff0c04bac02f01dae4627ca023d02fde5eef37c17f9dd8100828b06aa\">Unsubscribe</span></a></span></font></td>\n</tr>\n<tr>\n<td height=\"30\"></td>\n</tr>\n</table>\n</td>\n<td width=\"20\"></td>\n</tr>\n</table>\n</td>\n</tr>\n</table>\n</td>\n</tr>\n</table>\n</td>\n</tr>\n</table>\n<div style=\"display:none; white-space:nowrap; font:15px courier; line-height:0;\">&nbsp; &nbsp; &nbsp; &nbsp; &nbsp; &nbsp; &nbsp; &nbsp; &nbsp; &nbsp; &nbsp; &nbsp; &nbsp; &nbsp; &nbsp; &nbsp; &nbsp; &nbsp; &nbsp; &nbsp; &nbsp; &nbsp; &nbsp; &nbsp; &nbsp; &nbsp; &nbsp; &nbsp; &nbsp; &nbsp;</div>\n<table width=\"100%\" cellpadding=\"0\" cellspacing=\"0\" border=\"0\"><tr><td align=\"center\"><font face=\"Arial, Helvetica\" size=\"1\" style=\"font-size:9px;color:#6d6d6d\"><br>If you want to unsubscribe from our mailing list, unsubscribe <a href=\"http://mail-lnk.libertybusinesspr.com/u/un.php?par=$uid$_70941_$llid$_$sid$&_esuh=_11_c4e127f0e62a75f949f555c6cd9742501440a8ecfa673563ca9f0c03270cd153\" target=\"_blank\"><font face=\"Arial, Helvetica\" size=\"1\" style=\"font-size:9px;color:#6d6d6d; text-decoration: none;\"> here.</font></a></td></tr></table><img src=\"http://mail-lnk.libertybusinesspr.com/mo/$uid$_837621947_70941_$llid$_$launchId$.gif\" height=\"2\" width=\"2\" border=\"0\" alt=\"\" aria-hidden=\"true\"></body>\n</html>"},"Send_email_to_customer_Existing":{"runAfter":{"Email_Template_Existing":["Succeeded"]},"metadata":{"operationMetadataId":"9291efa4-4cf5-4fdd-9464-e4d8a436cd1b"},"type":"OpenApiConnection","inputs":{"parameters":{"emailMessage/To":"@body('Parse_JSON')?['email']","emailMessage/Subject":"Confirmation of Your iPhone Pre-Order Form Submission","emailMessage/Body":"<p class=\"editor-paragraph\">@{outputs('Email_Template_Existing')}</p>","emailMessage/Importance":"Normal"},"host":{"apiId":"/providers/Microsoft.PowerApps/apis/shared_office365","connectionName":"shared_office365-1","operationId":"SendEmailV2"},"authentication":"@parameters('$authentication')"}},"Create_lead_error_message_capture_Existing":{"runAfter":{"Create_record":["TimedOut","Skipped","Failed"]},"metadata":{"operationMetadataId":"f62c523e-809a-40d5-a4db-2eacc755cb3e"},"type":"Compose","inputs":"@outputs('Create_Record')?['body']['message']"},"Update_lead_error_message_capture_Existing":{"runAfter":{"Update_Lead":["TimedOut","Skipped","Failed"]},"metadata":{"operationMetadataId":"f62c523e-809a-40d5-a4db-2eacc755cb3e"},"type":"Compose","inputs":"@outputs('Update_Lead')?['body']?['message']"}},"runAfter":{"Parse_JSON":["Succeeded"]},"else":{"actions":{"Create_record_New":{"metadata":{"operationMetadataId":"612f13e2-993f-4f27-84b6-9b1b92456449"},"type":"OpenApiConnection","inputs":{"parameters":{"table":"Lead","item/LastName":"@body('Parse_JSON')?['lastname']","item/Company":"@body('Parse_JSON')?['business']","item/FirstName":"@body('Parse_JSON')?['firstName']","item/Phone":"@body('Parse_JSON')?['contact']","item/Email":"@body('Parse_JSON')?['email']","item/Status":"New","item/RecordTypeId":"0124X0000018IeaQAE","item/Title":"NPI Pre-Order - New","item/Description":"Pre-Order Sale:\nModel: @{body('Parse_JSON')?['device']}\nColor: @{body('Parse_JSON')?['color']}\nCapacity: @{body('Parse_JSON')?['capacity']}\nCarrier: @{body('Parse_JSON')?['provider']} @{body('Parse_JSON')?['action']}","item/LeadSource":"Advertisement","item/Industry":"Other","item/Z_Product_of_Interest__c":["MOBILE"],"item/Employee_Range__c":"16-25","item/Products_of_Interest__c":"Mobile","item/Product_of_Interest__c":"Mobile","item/Type_of_Inquiry__c":"Sales","item/Type_of_services_subscribed_to__c":"Mobile Services","item/Advertisement_source__c":"Website - Libertybusinesspr.com","item/Account_Type__c":"SOHO/Small","item/Customer_Type__c":"Direct","item/Lead_Type__c":"Hot Lead","item/Preferred_Language__c":"English","item/PR_Employee_Range__c":"1-29","item/CR_UTM_Campaign__c":"@body('Parse_JSON')?['utm_campaign']","item/CR_UTM_Source__c":"@body('Parse_JSON')?['utm_source']","item/CR_UTM_Term__c":"@body('Parse_JSON')?['utm_term']","item/CR_UTM_Medium__c":"@body('Parse_JSON')?['utm_medium']","item/CR_UTM_Content__c":"@body('Parse_JSON')?['utm_content']"},"host":{"apiId":"/providers/Microsoft.PowerApps/apis/shared_salesforce","connectionName":"shared_salesforce","operationId":"PostItem_V2"},"authentication":"@parameters('$authentication')"}},"Update_Lead_New":{"runAfter":{"Create_record_New":["Succeeded"]},"metadata":{"operationMetadataId":"49da71f1-f3e0-4679-9abd-d92457c94c8a"},"type":"OpenApiConnection","inputs":{"parameters":{"table":"Lead","id":"@outputs('Create_record_New')?['body/Id']","item/LastName":"@outputs('Create_record_New')?['body/LastName']","item/Company":"@outputs('Create_record_New')?['body/Company']","item/OwnerId":"0050h00000IUwD2AAL"},"host":{"apiId":"/providers/Microsoft.PowerApps/apis/shared_salesforce","connectionName":"shared_salesforce","operationId":"PatchItem_V3"},"authentication":"@parameters('$authentication')"}},"Create_lead_error_message_capture_New":{"runAfter":{"Create_record_New":["TimedOut","Skipped","Failed"]},"metadata":{"operationMetadataId":"f62c523e-809a-40d5-a4db-2eacc755cb3e"},"type":"Compose","inputs":"@outputs('Create_Record_New')?['body']?['message']"},"Create_item_New":{"runAfter":{"Update_Lead_New":["Succeeded"]},"metadata":{"operationMetadataId":"dec13764-974c-46a4-b583-84731a37bb1c"},"type":"OpenApiConnection","inputs":{"parameters":{"dataset":"https://libertypr.sharepoint.com/sites/B2BPre-OrdersW","table":"d36a33aa-8f80-494c-b8dd-a28684d61040","item/Title":"@body('Parse_JSON')?['firstName']","item/LastName":"@body('Parse_JSON')?['lastName']","item/CorreoElectronico":"@body('Parse_JSON')?['email']","item/consent":"@body('Parse_JSON')?['consent']","item/Empresa_x002f_Negocio":"@body('Parse_JSON')?['business']","item/Proovedor":"@body('Parse_JSON')?['provider']","item/LibertyAction":"@body('Parse_JSON')?['action']","item/NumeroTelefono":"@body('Parse_JSON')?['contact']","item/Modelo":"@body('Parse_JSON')?['device']","item/Color":"@body('Parse_JSON')?['color']","item/Capacidad":"@body('Parse_JSON')?['capacity']","item/Estado/Value":"Recieved","item/LeadID":"@outputs('Update_Lead_New')?['body/Id']"},"host":{"apiId":"/providers/Microsoft.PowerApps/apis/shared_sharepointonline","connectionName":"shared_sharepointonline","operationId":"PostItem"},"authentication":"@parameters('$authentication')"}},"Update_lead_error_message_capture_New":{"runAfter":{"Update_Lead_New":["TimedOut","Skipped","Failed"]},"metadata":{"operationMetadataId":"f62c523e-809a-40d5-a4db-2eacc755cb3e"},"type":"Compose","inputs":"@outputs('Update_Lead_New')?['body']?['message']"},"Email_Template_New":{"runAfter":{"Update_Lead_New":["Succeeded"]},"metadata":{"operationMetadataId":"72d4542a-9af3-4f43-8ef7-9ad3ed667484"},"type":"Compose","inputs":"</head>\n<body class=\"body\">\n<table cellspacing=\"0\" cellpadding=\"0\" width=\"100%\" height=\"100%\" style=\"min-width:100%;\" bgcolor=\"#fafafa\" class=\"gwfw olf\">\n<tr>\n<td width=\"100%\" align=\"center\" style=\"vertical-align:top;\">\n<table cellspacing=\"0\" cellpadding=\"0\" width=\"610\" class=\"ol610 fw\">\n<tr>\n<td style=\"padding:0 5px;\" class=\"iph\">\n<table cellspacing=\"0\" cellpadding=\"0\" width=\"600\" bgcolor=\"#ffffff\" class=\"ol600 fw\">\n<tr>\n<td height=\"20\"></td>\n</tr>\n<tr e-block-id=\"68a48fa08ff907f5c5000004\">\n<td align=\"center\" bgcolor=\"#ffffff\"><img e-editable=\"imageA_1\" src=\"https://mail-lnk.libertypr.com/custloads/837621947/md_335833.jpg\" width=\"700\" border=\"0\" style=\"display: block; width: 700px;\" class=\"image\" alt></td>\n</tr>\n<tr e-block-id=\"655cf7a89faad1eb91000001\">\n<td bgcolor=\"#ffffff\" style=\"padding:0 10px;\">\n<table cellpadding=\"0\" cellspacing=\"0\" width=\"100%\">\n<tr>\n<td align=\"left\" class=\"lh la1a\" style=\"line-height: 1.2;\"><font e-editable=\"textC_1\" class=\"ff fs16 fc1 gf\" style=\"font-family: Arial, Helvetica, sans-serif; font-size: 16px; color: #000000; line-height: 1.2;\"></font></td>\n</tr>\n<tr>\n<td height></td>\n</tr>\n</table>\n</td>\n</tr><tr e-block-id=\"655cf8d69faad1eb91000002\">\n<td bgcolor=\"#ffffff\" style=\"padding:0 10px;\">\n<table cellpadding=\"0\" cellspacing=\"0\" width=\"100%\">\n<tr>\n<td align=\"left\" class=\"lh la1a\" style=\"line-height: 1.2;\"><font e-editable=\"textC_1\" class=\"ff fs16 fc1 gf\" style=\"font-family: Arial, Helvetica, sans-serif; font-size: 16px; color: #000000; line-height: 1.2;\"><br>Hi&nbsp @{body('Parse_JSON')?['business']};<strong></strong><br><br><span style=\"font-size: 17px;\">Thank you for pre-ordering the new <span style=\"color: #000000;\"><strong>@{body('Parse_JSON')?['device']} @{body('Parse_JSON')?['color']} @{body('Parse_JSON')?['capacity']}</strong></span> with us!</span><br> <br><span style=\"font-size: 17px;\">We’ve successfully received your completed form and are currently working on your request.&nbsp;</span><span style=\"font-size: 17px;\">A representative will reach out to you to finalize the details of your order process.<br> </span><br><span style=\"font-size: 17px;\">If you have any questions or need further assistance, contact us at <strong>611</strong> from your Liberty phone, or by calling <strong>787-699-0000</strong>.<br> </span><br><span style=\"font-size: 17px;\">We’re as excited as you are about your new device!<br></span><br><span style=\"color: #0097fe;\"><strong>Liberty Business<br></strong></span>With Your Business Always<br></font></td>\n</tr>\n<tr>\n<td height></td>\n</tr>\n</table>\n</td>\n</tr><tr e-block-id=\"64d2575480b2fb51df000007\">\n<td bgcolor=\"#ffffff\" height=\"7\"></td>\n</tr><tr e-block-id=\"655cf9ce9faad1eb91000004\">\n<td bgcolor=\"#ffffff\" height=\"30\"></td>\n</tr>\n<tr e-block-id=\"64620f5319e2b205ad000001\">\n<td bgcolor=\"#0098fe\">\n<table cellspacing=\"0\" cellpadding=\"0\" width=\"100%\">\n<tr>\n<td>\n<table cellpadding=\"0\" cellspacing=\"0\" width=\"100%\">\n<tr>\n<td width=\"20\"></td>\n<td align=\"center\"><a e-editable=\"image_urlA_1\" href=\"https://www.libertypr.com/es/\" target=\"_blank\" style=\"text-decoration: none; font-weight: normal; color: #000000;\"><img e-editable=\"imageA_1\" src=\"https://mail-lnk.libertypr.com/custloads/837621947/md_35304.png\" width=\"150\" border=\"0\" style=\"display: block; width: 150px;\" alt=\"Liberty Busines Logo\"></a></td>\n<td width=\"20\"></td>\n</tr>\n</table>\n</td>\n</tr>\n<tr>\n<td height=\"16\"></td>\n</tr>\n</table>\n</td>\n</tr>\n<tr e-block-id=\"649093607dbb921c57000002\">\n<td bgcolor=\"#0098fe\" align=\"center\">\n<table cellspacing=\"0\" cellpadding=\"0\" class=\"comt\">\n<tr>\n<td width=\"40\"></td>\n<td class=\"mwn vam\" style=\"vertical-align: middle;\" valign=\"middle\"><a e-editable=\"image_urlA_2\" href=\"https://www.facebook.com/LibertyBusiness/\" target=\"_blank\" style=\"text-decoration: none; font-weight: normal; color: #000000;\"><img e-editable=\"imageA_2\" src=\"https://mail-lnk.libertypr.com/custloads/837621947/md_24181.png\" width=\"25\" border=\"0\" style=\"display: block; width: 25px;\" alt=\"Icon2\"></a></td>\n<td width=\"40\"></td>\n<td class=\"mwn vam\" style=\"vertical-align: middle;\" valign=\"middle\"><a e-editable=\"image_urlA_4\" href=\"https://www.instagram.com/libertybusinesspr/\" target=\"_blank\" style=\"text-decoration: none; font-weight: normal; color: #000000;\"><img e-editable=\"imageA_4\" src=\"https://mail-lnk.libertypr.com/custloads/837621947/md_24179.png\" width=\"25\" border=\"0\" style=\"display: block; width: 25px;\" alt=\"Icon4\"></a></td>\n<td width=\"40\"></td>\n<td class=\"mwn vam\" style=\"vertical-align: middle;\" valign=\"middle\"><a e-editable=\"image_urlA_5\" href=\"https://www.youtube.com/channel/UCq0dvTWqwHwU5ayLqM1ddGQ\" target=\"_blank\" style=\"text-decoration: none; font-weight: normal; color: #000000;\"><img e-editable=\"imageA_5\" src=\"https://mail-lnk.libertypr.com/custloads/837621947/md_24178.png\" width=\"25\" border=\"0\" style=\"display: block; width: 25px;\" alt=\"Icon5\"></a></td>\n<td width=\"40\"></td>\n<td class=\"mwn vam\" style=\"vertical-align: middle;\" valign=\"middle\"><a e-editable=\"image_urlA_6\" href=\"https://linkedin.com/company/libertybusiness/\" target=\"_blank\" style=\"text-decoration: none; font-weight: normal; color: #000000;\"><img e-editable=\"imageA_6\" src=\"https://mail-lnk.libertypr.com/custloads/837621947/md_24182.png\" width=\"25\" border=\"0\" style=\"display: block; width: 25px;\" alt=\"Icon6\"></a></td>\n<td width=\"40\"></td>\n</tr>\n</table>\n</td>\n</tr>\n<tr e-block-id=\"655cbce54b4fc80267000003\">\n<td bgcolor=\"#0098fe\">\n<table cellspacing=\"0\" cellpadding=\"0\" width=\"100%\">\n<tr>\n<td width=\"20\"></td>\n<td>\n<table cellspacing=\"0\" cellpadding=\"0\" width=\"100%\">\n<tr>\n<td height=\"5\"></td>\n</tr>\n<tr>\n<td align=\"center\" class=\"lh la1a\" style=\"line-height: 1.2;\"><font e-editable=\"textA_1\" class=\"ff fs12 fc1 small\" style=\"font-family: 'Poppins', sans-serif; font-size: 12px; color: #000000; line-height: 1.2;\"><span style=\"color: #ffffff;\"><br>Our mailing address is:</span><br><span style=\"color: #ffffff;\"> &nbsp;Liberty Communications of PR</span><br><span style=\"color: #ffffff;\"> 279 Avenida Ponce de León</span><br><span style=\"color: #ffffff;\"> San Juan, PR 00917</span><br></font></td>\n</tr>\n<tr>\n<td height=\"5\"></td>\n</tr>\n</table>\n</td>\n<td width=\"20\"></td>\n</tr>\n</table>\n</td>\n</tr>\n<tr e-block-id=\"59228e61abee9f7c78000135\">\n<td bgcolor=\"#0098fe\">\n<table cellspacing=\"0\" cellpadding=\"0\" width=\"100%\">\n<tr>\n<td width=\"20\"></td>\n<td>\n<table cellspacing=\"0\" cellpadding=\"0\" width=\"100%\">\n<tr>\n<td height=\"15\"></td>\n</tr>\n<tr>\n<td align=\"center\" class=\"lh la1a\" style=\"line-height: 1.2;\"><font e-editable=\"textA_1\" class=\"ff fs12 fc1 small\" style=\"font-family: 'Poppins', sans-serif; font-size: 12px; color: #000000; line-height: 1.2;\"><br><span style=\"color: #ffffff;\">&#xa9; Trademark #L_2024 #LibertyPR, Todos los derechos reservados Liberty y el logo de</span><br><span style=\"color: #ffffff;\"> Liberty son marcas registradas de Liberty Communications of Puerto Rico LLC</span><br></font></td>\n</tr>\n<tr>\n<td height=\"15\"></td>\n</tr>\n</table>\n</td>\n<td width=\"20\"></td>\n</tr>\n</table>\n</td>\n</tr>\n<tr e-block-id=\"68a490938ff907f5c5000005\">\n<td bgcolor=\"#0098ff\">\n<table cellspacing=\"0\" cellpadding=\"0\" width=\"100%\">\n<tr>\n<td width=\"20\"></td>\n<td>\n<table cellspacing=\"0\" cellpadding=\"0\" width=\"100%\">\n<tr>\n<td height=\"30\"></td>\n</tr>\n<tr>\n<td align=\"center\" class=\"lh la1a\" style=\"line-height: 1.2;\"><font e-editable=\"textA_1\" class=\"ff fs12 fc1 small\" style=\"font-family: 'Poppins', sans-serif; font-size: 12px; color: #000000; line-height: 1.2;\"><span style=\"color: #ffffff;\"><a e-editable=\"urlA_1\" href=\"http://mail-lnk.libertybusinesspr.com/u/un.php?par=$uid$_70941_$llid$_$sid$&_esuh=_11_c4e127f0e62a75f949f555c6cd9742501440a8ecfa673563ca9f0c03270cd153\" target=\"_blank\" class=\"tlink\" e-block-id=\"627ad6e7aa583418e6000002\" style=\"font-weight: bold; text-decoration: underline; outline: none; color: #ffffff;\" rel=\"noopener\"><span class=\"tlinkf2\" style=\"font-family: 'Poppins', sans-serif; color: #ffffff; font-weight: bold; text-decoration: underline; outline: none;\" data-link-attributes=\"%7B%22href%22:%22http://mail-lnk.libertybusinesspr.com/u/un.php?par=$uid$_70941_$llid$_$sid$%22,%22target%22:%22_blank%22%7D&_esuh=_11_a7e016fff0c04bac02f01dae4627ca023d02fde5eef37c17f9dd8100828b06aa\">Unsubscribe</span></a></span></font></td>\n</tr>\n<tr>\n<td height=\"30\"></td>\n</tr>\n</table>\n</td>\n<td width=\"20\"></td>\n</tr>\n</table>\n</td>\n</tr>\n</table>\n</td>\n</tr>\n</table>\n</td>\n</tr>\n</table>\n<div style=\"display:none; white-space:nowrap; font:15px courier; line-height:0;\">&nbsp; &nbsp; &nbsp; &nbsp; &nbsp; &nbsp; &nbsp; &nbsp; &nbsp; &nbsp; &nbsp; &nbsp; &nbsp; &nbsp; &nbsp; &nbsp; &nbsp; &nbsp; &nbsp; &nbsp; &nbsp; &nbsp; &nbsp; &nbsp; &nbsp; &nbsp; &nbsp; &nbsp; &nbsp; &nbsp;</div>\n<table width=\"100%\" cellpadding=\"0\" cellspacing=\"0\" border=\"0\"><tr><td align=\"center\"><font face=\"Arial, Helvetica\" size=\"1\" style=\"font-size:9px;color:#6d6d6d\"><br>If you want to unsubscribe from our mailing list, unsubscribe <a href=\"http://mail-lnk.libertybusinesspr.com/u/un.php?par=$uid$_70941_$llid$_$sid$&_esuh=_11_c4e127f0e62a75f949f555c6cd9742501440a8ecfa673563ca9f0c03270cd153\" target=\"_blank\"><font face=\"Arial, Helvetica\" size=\"1\" style=\"font-size:9px;color:#6d6d6d; text-decoration: none;\"> here.</font></a></td></tr></table><img src=\"http://mail-lnk.libertybusinesspr.com/mo/$uid$_837621947_70941_$llid$_$launchId$.gif\" height=\"2\" width=\"2\" border=\"0\" alt=\"\" aria-hidden=\"true\"></body>\n</html>"},"Send_email_to_customer_New":{"runAfter":{"Email_Template_New":["Succeeded"]},"metadata":{"operationMetadataId":"9291efa4-4cf5-4fdd-9464-e4d8a436cd1b"},"type":"OpenApiConnection","inputs":{"parameters":{"emailMessage/To":"@body('Parse_JSON')?['email']","emailMessage/Subject":"Confirmation of Your iPhone Pre-Order Form Submission","emailMessage/Body":"<p class=\"editor-paragraph\">@{outputs('Email_Template_New')}</p>","emailMessage/Importance":"Normal"},"host":{"apiId":"/providers/Microsoft.PowerApps/apis/shared_office365","connectionName":"shared_office365-1","operationId":"SendEmailV2"},"authentication":"@parameters('$authentication')"}}}},"expression":{"and":[{"equals":["@body('Parse_JSON')?['action']","Change Device"]}]},"metadata":{"operationMetadataId":"6ebb0d7a-8aaa-475f-8ad1-43b9266700af"},"type":"If"}},"description":"This flow connects to and HTML form, get the response and send it to Salesforce Lead Object and a Confirmation email to the customer.\n\nThe Main Purpose is for the pre-orders, but can be adjusted for any other job."},"connectionReferences":{"shared_salesforce":{"connectionName":"shared-salesforce-0995cec1-5e0a-4169-8f16-aa7c1ba83aba","source":"Embedded","id":"/providers/Microsoft.PowerApps/apis/shared_salesforce","tier":"NotSpecified","apiName":"salesforce","isProcessSimpleApiReferenceConversionAlreadyDone":false},"shared_sharepointonline":{"connectionName":"shared-sharepointonl-2726fb54-b952-45d4-a42a-c1d29ce055c8","source":"Embedded","id":"/providers/Microsoft.PowerApps/apis/shared_sharepointonline","tier":"NotSpecified","apiName":"sharepointonline","isProcessSimpleApiReferenceConversionAlreadyDone":false},"shared_office365-1":{"connectionName":"shared-office365-ebb2d62d-92f5-4579-b7ee-0c518f4516be","source":"Embedded","id":"/providers/Microsoft.PowerApps/apis/shared_office365","tier":"NotSpecified","apiName":"office365","isProcessSimpleApiReferenceConversionAlreadyDone":false}},"flowFailureAlertSubscribed":false,"isManaged":false}}