{"name":"28d6251b-bacb-437d-9a82-2f4c8cc2042c","id":"/providers/Microsoft.Flow/flows/28d6251b-bacb-437d-9a82-2f4c8cc2042c","type":"Microsoft.Flow/flows","properties":{"apiId":"/providers/Microsoft.PowerApps/apis/shared_logicflows","displayName":"Wireline Contract","definition":{"metadata":{"workflowEntityId":null,"processAdvisorMetadata":null,"flowChargedByPaygo":null,"flowclientsuspensionreason":"None","flowclientsuspensiontime":null,"flowclientsuspensionreasondetails":null,"creator":{"id":"5ca9a723-598f-43f1-8c85-ad7b425165d4","type":"User","tenantId":"9242cfad-7d27-4710-9998-e8c4de90927e"},"provisioningMethod":"FromDefinition","failureAlertSubscription":true,"clientLastModifiedTime":"2025-10-09T13:23:42.7995223Z","connectionKeySavedTimeKey":"2025-10-09T13:23:42.7995223Z","creationSource":"Portal","modifiedSources":"Portal"},"$schema":"https://schema.management.azure.com/providers/Microsoft.Logic/schemas/2016-06-01/workflowdefinition.json#","contentVersion":"undefined","parameters":{"$authentication":{"defaultValue":{},"type":"SecureObject"},"$connections":{"defaultValue":{},"type":"Object"}},"triggers":{"Recurrence":{"recurrence":{"frequency":"Day","interval":1,"startTime":"2025-04-16T11:30:00.000Z","schedule":{"hours":["8"],"minutes":[0]},"timeZone":"SA Western Standard Time"},"metadata":{"operationMetadataId":"8eaa1f5c-7d00-4c2e-876e-fdbff6c1479e"},"type":"Recurrence"}},"actions":{"Execute_a_SOQL_query":{"runAfter":{},"metadata":{"operationMetadataId":"38ee359c-70cd-4a55-91fe-c350621a87ba"},"type":"OpenApiConnection","inputs":{"parameters":{"queryParameters/query":"Select Id,Actual_Billed_Date__c,  Expiration_Date__c,  vlocity_cmt__BillingAccountId__r.AccountNumber,\nvlocity_cmt__BillingAccountId__r.SMB_BillingSystem__c, vlocity_cmt__BillingAccountId__r.name, account.name,\naccount.Customer_Sub_Type__c, vlocity_cmt__BillingAccountId__r.Customer_Sub_Type__c \n\nFROM asset\n\nWhere vlocity_cmt__BillingAccountId__r.Customer_Sub_Type__c = 'Government'\nAnd Expiration_Date__c = @{formatDateTime(addDays(utcNow(), 180), 'yyyy-MM-dd')}\n"},"host":{"apiId":"/providers/Microsoft.PowerApps/apis/shared_salesforce","connectionName":"shared_salesforce","operationId":"ExecuteSoqlQuery"},"authentication":"@parameters('$authentication')"}},"Create_file":{"runAfter":{"WirelineCSVFile":["Succeeded"]},"metadata":{"operationMetadataId":"bd13af46-889a-46df-83ca-bc5f67484acf"},"type":"OpenApiConnection","inputs":{"parameters":{"dataset":"https://libertypr.sharepoint.com/sites/B2B-Reports","folderPath":"/Shared Documents/Wireline Collection/Reports/Contracts","name":"Wireline_Contract_@{formatDateTime(utcNow(),'MM-dd-yyyy HH:mm')}.csv","body":"@body('WirelineCSVFile')"},"host":{"apiId":"/providers/Microsoft.PowerApps/apis/shared_sharepointonline","connectionName":"shared_sharepointonline","operationId":"CreateFile"},"authentication":"@parameters('$authentication')"},"runtimeConfiguration":{"contentTransfer":{"transferMode":"Chunked"}}},"size":{"runAfter":{"Execute_a_SOQL_query":["Succeeded"]},"metadata":{"operationMetadataId":"8437b49f-afae-487a-977d-c3b6238a09bc"},"type":"Compose","inputs":"@body('Execute_a_SOQL_query')?['totalSize']"},"Parse_JSON":{"runAfter":{"size":["Succeeded"]},"metadata":{"operationMetadataId":"c43364db-1ac4-4585-9e37-508e397bf6fb"},"type":"ParseJson","inputs":{"content":"@body('Execute_a_SOQL_query')","schema":{"type":"object","properties":{"statusCode":{"type":"integer"},"headers":{"type":"object","properties":{"Cache-Control":{"type":"string"},"Pragma":{"type":"string"},"Transfer-Encoding":{"type":"string"},"Vary":{"type":"string"},"Set-Cookie":{"type":"string"},"Strict-Transport-Security":{"type":"string"},"x-ms-request-id":{"type":"string"},"X-Content-Type-Options":{"type":"string"},"X-Frame-Options":{"type":"string"},"x-ms-environment-id":{"type":"string"},"x-ms-tenant-id":{"type":"string"},"x-ms-dlp-re":{"type":"string"},"x-ms-dlp-gu":{"type":"string"},"Timing-Allow-Origin":{"type":"string"},"x-ms-apihub-cached-response":{"type":"string"},"x-ms-apihub-obo":{"type":"string"},"Date":{"type":"string"},"Content-Type":{"type":"string"},"Expires":{"type":"string"},"Content-Length":{"type":"string"}}},"body":{"type":"object","properties":{"nextRecordsUrl":{"type":"string"},"totalSize":{"type":"integer"},"done":{"type":"boolean"},"records":{"type":"array","items":{"type":"object","properties":{"attributes":{"type":"object","properties":{"type":{"type":"string"},"url":{"type":"string"}}},"ID":{"type":"string"},"Actual_Billed_Date__c":{"type":"string"},"Expiration_Date__c":{"type":"string"},"vlocity_cmt__BillingAccountId__r":{"type":"object","properties":{"attributes":{"type":"object","properties":{"type":{"type":"string"},"url":{"type":"string"}}},"AccountNumber":{},"SMB_BillingSystem__c":{},"Name":{"type":"string"},"Customer_Sub_Type__c":{"type":"string"}}},"Account":{"type":"object","properties":{"attributes":{"type":"object","properties":{"type":{"type":"string"},"url":{"type":"string"}}},"Name":{"type":"string"},"Customer_Sub_Type__c":{"type":"string"}}}},"required":["attributes","Id","Actual_Billed_Date__c","Expiration_Date__c","vlocity_cmt__BillingAccountId__r","Account"]}}}}}}}},"Apply_to_each":{"foreach":"@body('Parse_JSON')?['records']","actions":{"ID":{"metadata":{"operationMetadataId":"2c02c937-2daa-47cc-9b02-c7e4a4d0cda7"},"type":"Compose","inputs":"@items('Apply_to_each')?['Id']"},"Expiration_Date":{"runAfter":{"ID":["Succeeded"]},"metadata":{"operationMetadataId":"bae7d9d5-abe2-4267-acf5-09341c4d6d23"},"type":"Compose","inputs":"@items('Apply_to_each')?['Expiration_Date__c']"},"AccountName":{"runAfter":{"Expiration_Date":["Succeeded"]},"metadata":{"operationMetadataId":"0e48bb7e-4de8-4980-8513-ef0cdc76578d"},"type":"Compose","inputs":"@items('Apply_to_each')?['Account']?['Name']"},"CustomerType":{"runAfter":{"AccountName":["Succeeded"]},"metadata":{"operationMetadataId":"b6e610f9-25e3-4adc-8ba7-e7267e3ee250"},"type":"Compose","inputs":"@ items('Apply_to_each')?['vlocity_cmt__BillingAccountId__r']?['Customer_Sub_Type__c']"},"BillingSystem":{"runAfter":{"CustomerType":["Succeeded"]},"metadata":{"operationMetadataId":"0283ff75-ba42-4be2-b112-d8439b857262"},"type":"Compose","inputs":"@items('Apply_to_each')?['vlocity_cmt__BillingAccountId__r']?['SMB_BillingSystem__c']"},"AccountNumber":{"runAfter":{"BillingSystem":["Succeeded"]},"metadata":{"operationMetadataId":"fa3082e3-9719-44ec-9832-3da0075d61a1"},"type":"Compose","inputs":"@items('Apply_to_each')?['vlocity_cmt__BillingAccountId__r']?['AccountNumber']"},"Append_to_array_variable":{"runAfter":{"CreatedDate":["Succeeded"]},"metadata":{"operationMetadataId":"cfe950ca-4ce4-4f1c-9b46-63fec953da42"},"type":"AppendToArrayVariable","inputs":{"name":"WirelineContract","value":{"ID":"@outputs('ID')","ExpirationDate":"@outputs('Expiration_Date')","AccountName":"@outputs('AccountName')","CustomerType":"@outputs('CustomerType')","BillingSystem":"@outputs('BillingSystem')","AccountNumber":"@outputs('AccountNumber')","CreatedDate":"@formatDateTime(utcNow(),'MM-dd-yyyy')"}}},"CreatedDate":{"runAfter":{"AccountNumber":["Succeeded"]},"type":"Compose","inputs":"@formatDateTime(utcNow(),'MM-dd-yyyy')"}},"runAfter":{"WirelineContract":["Succeeded"]},"metadata":{"operationMetadataId":"dda05835-c035-4f58-9974-fca9251aa741"},"type":"Foreach"},"WirelineContract":{"runAfter":{"Parse_JSON":["Succeeded"]},"metadata":{"operationMetadataId":"ce0eef9c-7b4f-4aea-befb-d6ee6c7f55e3"},"type":"InitializeVariable","inputs":{"variables":[{"name":"WirelineContract","type":"array"}]}},"WirelineCSVFile":{"runAfter":{"Apply_to_each":["Succeeded"]},"metadata":{"operationMetadataId":"ea283c3b-0e0a-4255-8f79-a260d83927cb"},"type":"Table","inputs":{"from":"@variables('WirelineContract')","format":"CSV"}},"Condition":{"actions":{"Send_an_email_(V2)_1":{"type":"OpenApiConnection","inputs":{"parameters":{"emailMessage/To":"obed.dejesus@libertypr.com;bryan.olivari@libertypr.com","emailMessage/Subject":"TEST Wireline Contract","emailMessage/Body":"<p class=\"editor-paragraph\">No Wireline Contracts expire in the nex 180 Days</p>","emailMessage/Importance":"Normal"},"host":{"apiId":"/providers/Microsoft.PowerApps/apis/shared_office365","connectionName":"shared_office365","operationId":"SendEmailV2"},"authentication":"@parameters('$authentication')"}}},"runAfter":{"Create_file":["Succeeded"]},"else":{"actions":{"Send_an_email_(V2)":{"type":"OpenApiConnection","inputs":{"parameters":{"emailMessage/To":"obed.dejesus@libertypr.com;bryan.olivari@libertypr.com","emailMessage/Subject":"TEST Wireline Contracts","emailMessage/Body":"<p class=\"editor-paragraph\">TEST Wireline Contract</p>","emailMessage/Attachments":[{"Name":"Wireline_Contracts_@{formatDateTime(utcNow(),'MM-dd-yyyy')}.csv","ContentBytes":"@body('WirelineCSVFile')"}],"emailMessage/Sensitivity":"Encrypt","emailMessage/Importance":"Normal"},"host":{"apiId":"/providers/Microsoft.PowerApps/apis/shared_office365","connectionName":"shared_office365","operationId":"SendEmailV2"},"authentication":"@parameters('$authentication')"}},"Post_card_in_a_chat_or_channel_1":{"runAfter":{"Send_an_email_(V2)":["Succeeded"]},"type":"OpenApiConnection","inputs":{"parameters":{"poster":"Flow bot","location":"Chat with Flow bot","body/recipient":"tania.menendez@libertypr.com","body/messageBody":"{\n    \"type\": \"AdaptiveCard\",\n    \"body\": [\n       {\n            \"type\": \"Image\",\n            \"url\": \"https://i.imgur.com/Aby0iSp.png\",\n            \"altText\": \"LibertyBusinessLogo\",\n            \"size\": \"Large\"\n        },\n        {\n            \"type\": \"TextBlock\",\n            \"size\": \"Medium\",\n            \"weight\": \"Bolder\",\n            \"text\": \"Wireline Contracts\"\n        },\n        {\n            \"type\": \"ColumnSet\",\n            \"columns\": [\n                {\n                    \"type\": \"Column\",\n                    \"items\": [\n                        {\n                            \"type\": \"TextBlock\",\n                            \"weight\": \"Bolder\",\n                            \"text\": \"Obed De Jesús\",\n                            \"wrap\": true\n                        },\n                        {\n                            \"type\": \"TextBlock\",\n                            \"spacing\": \"None\",\n                            \"text\": \"Created @{formatDateTime(utcNow(),'MM/dd/yyyy')} \",\n                            \"isSubtle\": true,\n                            \"wrap\": true\n                        }\n                    ],\n                    \"width\": \"stretch\"\n                }\n            ]\n        },\n        {\n            \"type\": \"TextBlock\",\n            \"text\": \"The numbers of contracts that expiress in the next 180 days are .\n\nPlease refer to PowerBI Dashboard to retrieve de information needed @{outputs('size')}.\nPlease refer to PowerBI Dashboard to retrieve de information needed.\",\n            \"wrap\": true\n        }\n    ],\n    \"$schema\": \"https://adaptivecards.io/schemas/adaptive-card.json\",\n    \"version\": \"1.5\"\n}\n"},"host":{"apiId":"/providers/Microsoft.PowerApps/apis/shared_teams","connectionName":"shared_teams","operationId":"PostCardToConversation"},"authentication":"@parameters('$authentication')"}}}},"expression":{"and":[{"equals":["@outputs('size')",0]}]},"type":"If"},"Create_file_1":{"runAfter":{"Create_file":["Succeeded"]},"type":"OpenApiConnection","inputs":{"parameters":{"folderPath":"/B2B Reports","name":"TEST.csv","body":"@body('WirelineCSVFile')","ReadFileMetadataFromServer":true},"host":{"apiId":"/providers/Microsoft.PowerApps/apis/shared_sftpwithssh","connectionName":"shared_sftpwithssh-1","operationId":"CreateFile"},"authentication":"@parameters('$authentication')"},"runtimeConfiguration":{"contentTransfer":{"transferMode":"Chunked"}}}},"description":"Daily @ 8:00am runs SOQL, create a file on B2B-Reports  Wireline Collection / Reports/ Contracts and Send email with the attachaments of the contracts near to expire."},"connectionReferences":{"shared_salesforce":{"connectionName":"shared-salesforce-0995cec1-5e0a-4169-8f16-aa7c1ba83aba","source":"Embedded","id":"/providers/Microsoft.PowerApps/apis/shared_salesforce","tier":"NotSpecified","apiName":"salesforce","isProcessSimpleApiReferenceConversionAlreadyDone":false},"shared_sharepointonline":{"connectionName":"shared-sharepointonl-2726fb54-b952-45d4-a42a-c1d29ce055c8","source":"Embedded","id":"/providers/Microsoft.PowerApps/apis/shared_sharepointonline","tier":"NotSpecified","apiName":"sharepointonline","isProcessSimpleApiReferenceConversionAlreadyDone":false},"shared_office365":{"connectionName":"shared-office365-eec0af6b-bfd4-43b8-934a-90b3342f3cfe","source":"Embedded","id":"/providers/Microsoft.PowerApps/apis/shared_office365","tier":"NotSpecified","apiName":"office365","isProcessSimpleApiReferenceConversionAlreadyDone":false},"shared_teams":{"connectionName":"shared-teams-89a8e09e-8653-4455-b343-202683b333f2","source":"Embedded","id":"/providers/Microsoft.PowerApps/apis/shared_teams","tier":"NotSpecified","apiName":"teams","isProcessSimpleApiReferenceConversionAlreadyDone":false},"shared_sftpwithssh-1":{"connectionName":"1d343578f2614246bf84f0bee0a54a08","source":"Embedded","id":"/providers/Microsoft.PowerApps/apis/shared_sftpwithssh","tier":"NotSpecified","apiName":"sftpwithssh","isProcessSimpleApiReferenceConversionAlreadyDone":false}},"flowFailureAlertSubscribed":false,"isManaged":false}}