{"name":"26272b62-03af-4b0d-af7b-c33122658376","id":"/providers/Microsoft.Flow/flows/26272b62-03af-4b0d-af7b-c33122658376","type":"Microsoft.Flow/flows","properties":{"apiId":"/providers/Microsoft.PowerApps/apis/shared_logicflows","displayName":"Device Protection","definition":{"metadata":{"workflowEntityId":null,"processAdvisorMetadata":null,"flowChargedByPaygo":null,"flowclientsuspensionreason":"None","flowclientsuspensiontime":null,"flowclientsuspensionreasondetails":null,"creator":{"id":"5ca9a723-598f-43f1-8c85-ad7b425165d4","type":"User","tenantId":"9242cfad-7d27-4710-9998-e8c4de90927e"},"provisioningMethod":"FromDefinition","failureAlertSubscription":true,"clientLastModifiedTime":"2025-10-09T14:12:55.9264882Z","connectionKeySavedTimeKey":"2025-10-09T14:12:55.9264882Z","creationSource":"Portal","modifiedSources":"Portal"},"$schema":"https://schema.management.azure.com/providers/Microsoft.Logic/schemas/2016-06-01/workflowdefinition.json#","contentVersion":"undefined","parameters":{"$authentication":{"defaultValue":{},"type":"SecureObject"},"$connections":{"defaultValue":{},"type":"Object"}},"triggers":{"Recurrence":{"recurrence":{"frequency":"Day","interval":"1","startTime":"2025-07-01T09:00:00.000Z","timeZone":"SA Western Standard Time","schedule":{"hours":["9"]}},"type":"Recurrence"}},"actions":{"Day_5":{"runAfter":{},"type":"OpenApiConnection","inputs":{"parameters":{"groupid":"8b995f6e-eadd-42f7-9669-c0df46fe0d4c","datasetid":"a7e63d4a-bc67-44e8-8fa8-c418870d9ad1","specification/query":"//Device without Protection (Insurance)\n\nEVALUATE\nSELECTCOLUMNS(\n    FILTER(\n        Asset,\n        Asset[DaysSinceCreated] = 5\n        \t&& RELATED('Account Service'[Customer_Sub_Type__c])= \"SOHO/Small\"\n            && Asset[DeviceProtectionStatus] = \"Device Not Protected\"\n\n            && RELATED('Account Service'[RecordTypeName__c]) = \"Service\"\n            && Asset[displayText] IN {\n                \"Apple\", \"Konnect\", \"Mobile Insurance for Business\", \"Samsung\",\n                \"ORB\", \"Smart Protect Mobile for Business for 1\",\n                \"Smart Protect Mobile for Business for 4\", \"TLC\"\n            }\n            && \n            COUNTROWS(\n                FILTER(\n                    Contact,\n                    Contact[AccountId] = RELATED('Account Service'[ParentId])\n                        && Contact[Contact_Type__c] = \"Decision Maker\"\n                )\n            ) > 0\n    ),\n    \"Company Name\", RELATED('Account Billing'[Name]),\n    \"Customer Type\", RELATED('Account Service'[Customer_Sub_Type__c]),\n    \"Service Account\", RELATED('Account Service'[Name]),\n    \"MSISDN\", RELATED('Account Service'[MSISDN__c]),\n    \"Asset Name\", RELATED('Product'[Name]),\n    \"Device Protection Status\", Asset[DeviceProtectionStatus],\n    \"Brand\", Asset[displayText],\n    \"Created Date\", FORMAT(Asset[CreatedDate], \"MM/dd/yyyy\"),\n    \"Days Since\", Asset[DaysSinceCreated],\n    \"Email\", CALCULATE(\n        MAX(Contact[Email]),\n        FILTER(\n            Contact,\n            Contact[AccountId] = RELATED('Account Service'[ParentId])\n                && Contact[Contact_Type__c] = \"Decision Maker\"\n        )\n    ),\n    \"Contact Type\", CALCULATE(\n        MAX(Contact[Contact_Type__c]),\n        FILTER(\n            Contact,\n            Contact[AccountId] = RELATED('Account Service'[ParentId])\n                && Contact[Contact_Type__c] = \"Decision Maker\"\n        )\n    )\n)\n","specification/serializerSettings/includeNulls":false},"host":{"apiId":"/providers/Microsoft.PowerApps/apis/shared_powerbi","connectionName":"shared_powerbi","operationId":"ExecuteDatasetQuery"},"authentication":"@parameters('$authentication')"}},"Day_15":{"runAfter":{},"type":"OpenApiConnection","inputs":{"parameters":{"groupid":"8b995f6e-eadd-42f7-9669-c0df46fe0d4c","datasetid":"a7e63d4a-bc67-44e8-8fa8-c418870d9ad1","specification/query":"//Device without Protection (Insurance)\n\nEVALUATE\nSELECTCOLUMNS(\n    FILTER(\n        Asset,\n        Asset[DaysSinceCreated] = 15\n        \t&& RELATED('Account Service'[Customer_Sub_Type__c])= \"SOHO/Small\"\n            && Asset[DeviceProtectionStatus] = \"Device Not Protected\"\n\n            && RELATED('Account Service'[RecordTypeName__c]) = \"Service\"\n            && Asset[displayText] IN {\n                \"Apple\", \"Konnect\", \"Mobile Insurance for Business\", \"Samsung\",\n                \"ORB\", \"Smart Protect Mobile for Business for 1\",\n                \"Smart Protect Mobile for Business for 4\", \"TLC\"\n            }\n            && \n            COUNTROWS(\n                FILTER(\n                    Contact,\n                    Contact[AccountId] = RELATED('Account Service'[ParentId])\n                        && Contact[Contact_Type__c] = \"Decision Maker\"\n                )\n            ) > 0\n    ),\n    \"Company Name\", RELATED('Account Billing'[Name]),\n    \"Customer Type\", RELATED('Account Service'[Customer_Sub_Type__c]),\n    \"Service Account\", RELATED('Account Service'[Name]),\n    \"MSISDN\", RELATED('Account Service'[MSISDN__c]),\n    \"Asset Name\", RELATED('Product'[Name]),\n    \"Device Protection Status\", Asset[DeviceProtectionStatus],\n    \"Brand\", Asset[displayText],\n    \"Created Date\", FORMAT(Asset[CreatedDate], \"MM/dd/yyyy\"),\n    \"Days Since\", Asset[DaysSinceCreated],\n    \"Email\", CALCULATE(\n        MAX(Contact[Email]),\n        FILTER(\n            Contact,\n            Contact[AccountId] = RELATED('Account Service'[ParentId])\n                && Contact[Contact_Type__c] = \"Decision Maker\"\n        )\n    ),\n    \"Contact Type\", CALCULATE(\n        MAX(Contact[Contact_Type__c]),\n        FILTER(\n            Contact,\n            Contact[AccountId] = RELATED('Account Service'[ParentId])\n                && Contact[Contact_Type__c] = \"Decision Maker\"\n        )\n    )\n)\n","specification/serializerSettings/includeNulls":false},"host":{"apiId":"/providers/Microsoft.PowerApps/apis/shared_powerbi","connectionName":"shared_powerbi","operationId":"ExecuteDatasetQuery"},"authentication":"@parameters('$authentication')"}},"Day_25":{"runAfter":{},"type":"OpenApiConnection","inputs":{"parameters":{"groupid":"8b995f6e-eadd-42f7-9669-c0df46fe0d4c","datasetid":"a7e63d4a-bc67-44e8-8fa8-c418870d9ad1","specification/query":"//Device without Protection (Insurance)\n\nEVALUATE\nSELECTCOLUMNS(\n    FILTER(\n        Asset,\n        Asset[DaysSinceCreated] = 25\n        \t&& RELATED('Account Service'[Customer_Sub_Type__c])= \"SOHO/Small\"\n            && Asset[DeviceProtectionStatus] = \"Device Not Protected\"\n\n            && RELATED('Account Service'[RecordTypeName__c]) = \"Service\"\n            && Asset[displayText] IN {\n                \"Apple\", \"Konnect\", \"Mobile Insurance for Business\", \"Samsung\",\n                \"ORB\", \"Smart Protect Mobile for Business for 1\",\n                \"Smart Protect Mobile for Business for 4\", \"TLC\"\n            }\n            && \n            COUNTROWS(\n                FILTER(\n                    Contact,\n                    Contact[AccountId] = RELATED('Account Service'[ParentId])\n                        && Contact[Contact_Type__c] = \"Decision Maker\"\n                )\n            ) > 0\n    ),\n    \"Company Name\", RELATED('Account Billing'[Name]),\n    \"Customer Type\", RELATED('Account Service'[Customer_Sub_Type__c]),\n    \"Service Account\", RELATED('Account Service'[Name]),\n    \"MSISDN\", RELATED('Account Service'[MSISDN__c]),\n    \"Asset Name\", RELATED('Product'[Name]),\n    \"Device Protection Status\", Asset[DeviceProtectionStatus],\n    \"Brand\", Asset[displayText],\n    \"Created Date\", FORMAT(Asset[CreatedDate], \"MM/dd/yyyy\"),\n    \"Days Since\", Asset[DaysSinceCreated],\n    \"Email\", CALCULATE(\n        MAX(Contact[Email]),\n        FILTER(\n            Contact,\n            Contact[AccountId] = RELATED('Account Service'[ParentId])\n                && Contact[Contact_Type__c] = \"Decision Maker\"\n        )\n    ),\n    \"Contact Type\", CALCULATE(\n        MAX(Contact[Contact_Type__c]),\n        FILTER(\n            Contact,\n            Contact[AccountId] = RELATED('Account Service'[ParentId])\n                && Contact[Contact_Type__c] = \"Decision Maker\"\n        )\n    )\n)\n","specification/serializerSettings/includeNulls":false},"host":{"apiId":"/providers/Microsoft.PowerApps/apis/shared_powerbi","connectionName":"shared_powerbi","operationId":"ExecuteDatasetQuery"},"authentication":"@parameters('$authentication')"}},"Day_5_CSV":{"runAfter":{"Day_5":["Succeeded"]},"type":"Table","inputs":{"from":"@outputs('Day_5')?['body/firstTableRows']","format":"CSV"}},"Day_15_CSV":{"runAfter":{"Day_15":["Succeeded"]},"type":"Table","inputs":{"from":"@outputs('Day_15')?['body/firstTableRows']","format":"CSV"}},"Day_25_CSV":{"runAfter":{"Day_25":["Succeeded"]},"type":"Table","inputs":{"from":"@outputs('Day_25')?['body/firstTableRows']","format":"CSV"}},"Upload_Day_5":{"runAfter":{"Create_file_Day_5":["Succeeded"]},"type":"OpenApiConnection","inputs":{"parameters":{"folderPath":"/source.lla/emarsys_lla","name":"B2BSmartProtectDay5_@{formatDateTime(utcNow(),'MMddyyyy')}.csv","body":"@{body('Day_5_CSV')}.csv","ReadFileMetadataFromServer":true},"host":{"apiId":"/providers/Microsoft.PowerApps/apis/shared_sftpwithssh","connectionName":"shared_sftpwithssh","operationId":"CreateFile"},"authentication":"@parameters('$authentication')"},"runtimeConfiguration":{"contentTransfer":{"transferMode":"Chunked"}}},"Upload_Day_15":{"runAfter":{"Create_file_Day_15":["Succeeded"]},"type":"OpenApiConnection","inputs":{"parameters":{"folderPath":"/source.lla/emarsys_lla","name":"B2BSmartProtectDay15_@{formatDateTime(utcNow(),'MMddyyyy')}.csv","body":"@{body('Day_15_CSV')}.csv","ReadFileMetadataFromServer":true},"host":{"apiId":"/providers/Microsoft.PowerApps/apis/shared_sftpwithssh","connectionName":"shared_sftpwithssh","operationId":"CreateFile"},"authentication":"@parameters('$authentication')"},"runtimeConfiguration":{"contentTransfer":{"transferMode":"Chunked"}}},"Upload_Day_25":{"runAfter":{"Create_file_Day_25":["Succeeded"]},"type":"OpenApiConnection","inputs":{"parameters":{"folderPath":"/source.lla/emarsys_lla","name":"B2BSmartProtectDay25_@{formatDateTime(utcNow(),'MMddyyyy')}.csv","body":"@{body('Day_25_CSV')}.csv","ReadFileMetadataFromServer":true},"host":{"apiId":"/providers/Microsoft.PowerApps/apis/shared_sftpwithssh","connectionName":"shared_sftpwithssh","operationId":"CreateFile"},"authentication":"@parameters('$authentication')"},"runtimeConfiguration":{"contentTransfer":{"transferMode":"Chunked"}}},"Post_card_in_a_chat_or_channel":{"runAfter":{"Upload_Day_15":["Succeeded"],"Upload_Day_25":["Succeeded"],"Upload_Day_5":["Succeeded"]},"type":"OpenApiConnection","inputs":{"parameters":{"poster":"Flow bot","location":"Group chat","body/recipient":"19:88ec17325fd649f18d7d4ab8665ad3e5@thread.v2","body/messageBody":"{\n    \"type\": \"AdaptiveCard\",\n    \"body\": [\n        {\n            \"type\": \"Image\",\n            \"url\": \"https://i.imgur.com/Aby0iSp.png\",\n            \"altText\": \"LibertyBusinessLogo\",\n            \"size\": \"Large\"\n        },\n        {\n            \"type\": \"TextBlock\",\n            \"size\": \"Medium\",\n            \"weight\": \"Bolder\",\n            \"text\": \"Decive Protection Upload\"\n        },\n        {\n            \"type\": \"ColumnSet\",\n            \"columns\": [\n                {\n                    \"type\": \"Column\",\n                    \"items\": [\n                        {\n                            \"type\": \"TextBlock\",\n                            \"weight\": \"Bolder\",\n                            \"text\": \"Device Protection Files has been succesfully uploaded. \",\n                            \"wrap\": true\n                        },\n                        {\n                            \"type\": \"TextBlock\",\n                            \"spacing\": \"None\",\n                            \"text\": \"Created @{formatDateTime(utcNow(),'MM/dd/yyyy')}\",\n                            \"isSubtle\": true,\n                            \"wrap\": true\n                        }\n                    ],\n                    \"width\": \"stretch\"\n                }\n            ]\n        },\n        {\n            \"type\": \"FactSet\",\n            \"facts\": [\n                {\n                    \"title\": \"Day 5\",\n                    \"value\": \"@{outputs('Record_Count_Day_5')} Comms Sent\"\n                },\n                {\n                    \"title\": \"Day 15\",\n                    \"value\": \"@{outputs('Record_Count_Day_15')} Comms Sent\"\n                },\n                {\n                    \"title\": \"Day 25\",\n                    \"value\": \"@{outputs('Record_Count_Day_25')} Comms Sent\"\n                }\n            ]\n        },\n        {\n            \"type\": \"TextBlock\",\n            \"text\": \"Emarsys Automation will send email to customers.\",\n            \"wrap\": true\n        }\n    ],\n    \"$schema\": \"http://adaptivecards.io/schemas/adaptive-card.json\",\n    \"version\": \"1.5\"\n}"},"host":{"apiId":"/providers/Microsoft.PowerApps/apis/shared_teams","connectionName":"shared_teams","operationId":"PostCardToConversation"},"authentication":"@parameters('$authentication')"}},"Create_file_Day_5":{"runAfter":{"Record_Count_Day_5":["Succeeded"]},"type":"OpenApiConnection","inputs":{"parameters":{"dataset":"https://libertypr.sharepoint.com/sites/B2B-Reports","folderPath":"/Shared Documents/Projects/Insurance","name":"B2BSmartProtectDay5_@{formatDateTime(utcNow(),'MMddyyyy')}.csv","body":"@body('Day_5_CSV')"},"host":{"apiId":"/providers/Microsoft.PowerApps/apis/shared_sharepointonline","connectionName":"shared_sharepointonline","operationId":"CreateFile"},"authentication":"@parameters('$authentication')"},"runtimeConfiguration":{"contentTransfer":{"transferMode":"Chunked"}}},"Create_file_Day_15":{"runAfter":{"Record_Count_Day_15":["Succeeded"]},"type":"OpenApiConnection","inputs":{"parameters":{"dataset":"https://libertypr.sharepoint.com/sites/B2B-Reports","folderPath":"/Shared Documents/Projects/Insurance","name":"B2BSmartProtectDay15_@{formatDateTime(utcNow(),'MMddyyyy')}.csv","body":"@body('Day_15_CSV')"},"host":{"apiId":"/providers/Microsoft.PowerApps/apis/shared_sharepointonline","connectionName":"shared_sharepointonline","operationId":"CreateFile"},"authentication":"@parameters('$authentication')"},"runtimeConfiguration":{"contentTransfer":{"transferMode":"Chunked"}}},"Create_file_Day_25":{"runAfter":{"Record_Count_Day_25":["Succeeded"]},"type":"OpenApiConnection","inputs":{"parameters":{"dataset":"https://libertypr.sharepoint.com/sites/B2B-Reports","folderPath":"/Shared Documents/Projects/Insurance","name":"B2BSmartProtectDay25_@{formatDateTime(utcNow(),'MMddyyyy')}.csv","body":"@body('Day_25_CSV')"},"host":{"apiId":"/providers/Microsoft.PowerApps/apis/shared_sharepointonline","connectionName":"shared_sharepointonline","operationId":"CreateFile"},"authentication":"@parameters('$authentication')"},"runtimeConfiguration":{"contentTransfer":{"transferMode":"Chunked"}}},"Record_Count_Day_5":{"runAfter":{"Day_5_CSV":["Succeeded"]},"type":"Compose","inputs":"@length(body('Day_5')?['firstTableRows'])\r\n"},"Record_Count_Day_15":{"runAfter":{"Day_15_CSV":["Succeeded"]},"type":"Compose","inputs":"@length(body('Day_15')?['firstTableRows'])"},"Record_Count_Day_25":{"runAfter":{"Day_25_CSV":["Succeeded"]},"type":"Compose","inputs":"@length(body('Day_25')?['firstTableRows'])"}},"description":"Daily run a Querie against Data set from Deice Protection Power BI and validate the devices sold without insurance and with a formula compare the sale date and to day's date .  It trigger a communication on day 5, 15, 25 let the customer know that it's possible to add the device insurance. Once the flow is completed a Data Card Teams Message with the communications sent for each day."},"connectionReferences":{"shared_powerbi":{"connectionName":"shared-powerbi-04566c92-bd22-4d79-bd71-c7b19edb8faf","source":"Embedded","id":"/providers/Microsoft.PowerApps/apis/shared_powerbi","tier":"NotSpecified","apiName":"powerbi","isProcessSimpleApiReferenceConversionAlreadyDone":false},"shared_sftpwithssh":{"connectionName":"d4d631a510ab411ca3b30868b9980128","source":"Embedded","id":"/providers/Microsoft.PowerApps/apis/shared_sftpwithssh","tier":"NotSpecified","apiName":"sftpwithssh","isProcessSimpleApiReferenceConversionAlreadyDone":false},"shared_teams":{"connectionName":"shared-teams-89a8e09e-8653-4455-b343-202683b333f2","source":"Embedded","id":"/providers/Microsoft.PowerApps/apis/shared_teams","tier":"NotSpecified","apiName":"teams","isProcessSimpleApiReferenceConversionAlreadyDone":false},"shared_sharepointonline":{"connectionName":"shared-sharepointonl-2726fb54-b952-45d4-a42a-c1d29ce055c8","source":"Embedded","id":"/providers/Microsoft.PowerApps/apis/shared_sharepointonline","tier":"NotSpecified","apiName":"sharepointonline","isProcessSimpleApiReferenceConversionAlreadyDone":false}},"flowFailureAlertSubscribed":false,"isManaged":false}}