{"name":"89c8ba9f-f5d8-42e5-8e4c-742312bab352","id":"/providers/Microsoft.Flow/flows/89c8ba9f-f5d8-42e5-8e4c-742312bab352","type":"Microsoft.Flow/flows","properties":{"apiId":"/providers/Microsoft.PowerApps/apis/shared_logicflows","displayName":"Sales PowerBi","definition":{"metadata":{"workflowEntityId":null,"processAdvisorMetadata":null,"flowChargedByPaygo":null,"flowclientsuspensionreason":"None","flowclientsuspensiontime":null,"flowclientsuspensionreasondetails":null,"creator":{"id":"5ca9a723-598f-43f1-8c85-ad7b425165d4","type":"User","tenantId":"9242cfad-7d27-4710-9998-e8c4de90927e"},"provisioningMethod":"FromDefinition","failureAlertSubscription":true,"clientLastModifiedTime":"2025-10-09T12:45:09.5297272Z","connectionKeySavedTimeKey":"2025-10-09T12:45:09.5297272Z","creationSource":null,"modifiedSources":"Portal;PowerAutomateMobile"},"$schema":"https://schema.management.azure.com/providers/Microsoft.Logic/schemas/2016-06-01/workflowdefinition.json#","contentVersion":"undefined","parameters":{"$authentication":{"defaultValue":{},"type":"SecureObject"},"$connections":{"defaultValue":{},"type":"Object"}},"triggers":{"Recurrence":{"recurrence":{"frequency":"Day","interval":1,"timeZone":"SA Western Standard Time","startTime":"2025-02-03T16:00:00.000Z","schedule":{"hours":["8","12","16"]}},"metadata":{"operationMetadataId":"491f4be2-f2a8-4f57-8575-b2865259a55b"},"type":"Recurrence"}},"actions":{"Execute_a_SOQL_query":{"runAfter":{},"metadata":{"operationMetadataId":"11d49ac8-21ce-450f-88c9-b0899c674f52"},"type":"OpenApiConnection","inputs":{"parameters":{"queryParameters/query":"select id, order.Type, order.vlocity_cmt__Reason__c, Order.OrderNumber,  order.CustomOwner__c, order.account.parent.name, order.account.name, order.vlocity_cmt__DeliveryMethod__c, order.vlocity_cmt__Delivery_Installation_Status__c,  product2.name, Product2.vlocity_cmt__ObjectTypeName__c, PRB2B_RegularOneTimeCharge__c, PRB2B_OneTimeAdjustedCharge__c, PRB2B_NumberOfInstallments__c, vlocity_cmt__RecurringCharge__c, order.account.parent.Segment__c, order.account.segment__C, order.account.MSISDN__c, order.account.parent.Id, order.PRB2B_FedExTrackingUrl__c, order.vlocity_cmt__TrackingNumber__c, IMEI__c ,CreatedDate, Order.Status, order.Account.parent.PR_Mobile_Customer_Number__c\nfrom orderitem\n \nwhere\n\n(order.account.parent.Segment__c = 'B2B' OR order.account.segment__C = 'B2B')\n\nAnd Product2.vlocity_cmt__ObjectTypeName__c in ('Mobile Phone', 'Smart Device', 'Smart Watch')\n\nAnd Product2.Name != 'AT&T Generic Mobile Phone'\n\nAnd Product2.Name != 'AT&T Generic Basic Phone'\n\nAnd Product2.Name != 'BYOD Mobile Phone'\n\nAnd Product2.Name != 'BYOD Data Device'\n\nAND Order.Type != null \n\nAnd Order.vlocity_cmt__DeliveryMethod__c = 'Standard Shipping' \n\nAnd (Not Order.Account.Parent.Name like 'Test%')\n\nAND (Product2.Name LIKE 'iPhone 17%' OR Product2.Name LIKE 'iPhone Air')\n\nORDER BY CreatedDate DESC"},"host":{"apiId":"/providers/Microsoft.PowerApps/apis/shared_salesforce","connectionName":"shared_salesforce","operationId":"ExecuteSoqlQuery"},"authentication":"@parameters('$authentication')"}},"Compose":{"runAfter":{"Execute_a_SOQL_query":["Succeeded"]},"metadata":{"operationMetadataId":"d926b608-c2c3-4dd7-8b5e-805051f7a361"},"type":"Compose","inputs":"@body('Execute_a_SOQL_query')"},"Create_file":{"runAfter":{"Compose":["Succeeded"]},"metadata":{"operationMetadataId":"b96bb141-ab02-4111-9cdd-ba20b8614d8b"},"type":"OpenApiConnection","inputs":{"parameters":{"dataset":"https://libertypr.sharepoint.com/sites/B2B-Reports","folderPath":"/Shared Documents/Sales","name":"StandardDeliverSalesAll_@{formatDateTime(utcNow(),'MM-dd-yyyy HH:mm')}.json","body":"@outputs('Compose')"},"host":{"apiId":"/providers/Microsoft.PowerApps/apis/shared_sharepointonline","connectionName":"shared_sharepointonline","operationId":"CreateFile"},"authentication":"@parameters('$authentication')"},"runtimeConfiguration":{"contentTransfer":{"transferMode":"Chunked"}}},"Refresh_a_dataset":{"runAfter":{"Create_file":["Succeeded"]},"metadata":{"operationMetadataId":"9bda9049-00df-430d-8986-744db66304c8"},"type":"OpenApiConnection","inputs":{"parameters":{"groupid":"8b995f6e-eadd-42f7-9669-c0df46fe0d4c","datasetid":"f145300c-cfe2-47ef-b658-2d42fbc47d76"},"host":{"apiId":"/providers/Microsoft.PowerApps/apis/shared_powerbi","connectionName":"shared_powerbi","operationId":"RefreshDataset"},"authentication":"@parameters('$authentication')"}},"Delay":{"runAfter":{"Refresh_a_dataset":["Succeeded"]},"metadata":{"operationMetadataId":"0895d233-1515-4031-a877-6e8c5c3ee9fd"},"type":"Wait","inputs":{"interval":{"count":2,"unit":"Minute"}}},"Post_card_in_a_chat_or_channel":{"runAfter":{"Delay":["Succeeded"]},"metadata":{"operationMetadataId":"be2b9ddd-da1a-4b85-b81d-7e3c0af11e33"},"type":"OpenApiConnection","inputs":{"parameters":{"poster":"Flow bot","location":"Group chat","body/recipient":"19:88ec17325fd649f18d7d4ab8665ad3e5@thread.v2","body/messageBody":"{\n    \"type\": \"AdaptiveCard\",\n    \"body\": [\n       {\n            \"type\": \"Image\",\n            \"url\": \"https://i.imgur.com/Aby0iSp.png\",\n            \"altText\": \"LibertyBusinessLogo\",\n            \"size\": \"Large\"\n        },\n        {\n            \"type\": \"TextBlock\",\n            \"size\": \"Medium\",\n            \"weight\": \"Bolder\",\n            \"text\": \"Standard Delivery Sales Report\"\n        },\n        {\n            \"type\": \"ColumnSet\",\n            \"columns\": [\n                {\n                    \"type\": \"Column\",\n                    \"items\": [\n                        {\n                            \"type\": \"TextBlock\",\n                            \"weight\": \"Bolder\",\n                            \"text\": \"Obed De Jesús\",\n                            \"wrap\": true\n                        },\n                        {\n                            \"type\": \"TextBlock\",\n                            \"spacing\": \"None\",\n                            \"text\": \"@{formatDateTime(convertTimeZone(utcNow(), 'UTC', 'Atlantic Standard Time'), 'MM/dd/yyyy HH:mm')\r\n}\",\n                            \"isSubtle\": true,\n                            \"wrap\": true\n                        }\n                    ],\n                    \"width\": \"stretch\"\n                }\n            ]\n        },\n        {\n            \"type\": \"TextBlock\",\n            \"text\": \"The Standard Delivery PowerBi it's available.\",\n            \"wrap\": true\n        }\n    ],\n    \"actions\": [\n        {\n            \"type\": \"Action.OpenUrl\",\n            \"title\": \"Standard Delivery PowerBi\",\n            \"url\": \"https://app.powerbi.com/links/OpS4jweA8y?ctid=9242cfad-7d27-4710-9998-e8c4de90927e&pbi_source=linkShare\"\n        }\n    ],\n    \"$schema\": \"https://adaptivecards.io/schemas/adaptive-card.json\",\n    \"version\": \"1.5\"\n}"},"host":{"apiId":"/providers/Microsoft.PowerApps/apis/shared_teams","connectionName":"shared_teams","operationId":"PostCardToConversation"},"authentication":"@parameters('$authentication')"}}},"description":"Daily run querie fromSaleforce and refresh the data of the following Power BI Report Executive Sales"},"connectionReferences":{"shared_salesforce":{"connectionName":"shared-salesforce-0995cec1-5e0a-4169-8f16-aa7c1ba83aba","source":"Embedded","id":"/providers/Microsoft.PowerApps/apis/shared_salesforce","tier":"NotSpecified","apiName":"salesforce","isProcessSimpleApiReferenceConversionAlreadyDone":false},"shared_sharepointonline":{"connectionName":"shared-sharepointonl-2726fb54-b952-45d4-a42a-c1d29ce055c8","source":"Embedded","id":"/providers/Microsoft.PowerApps/apis/shared_sharepointonline","tier":"NotSpecified","apiName":"sharepointonline","isProcessSimpleApiReferenceConversionAlreadyDone":false},"shared_powerbi":{"connectionName":"shared-powerbi-04566c92-bd22-4d79-bd71-c7b19edb8faf","source":"Embedded","id":"/providers/Microsoft.PowerApps/apis/shared_powerbi","tier":"NotSpecified","apiName":"powerbi","isProcessSimpleApiReferenceConversionAlreadyDone":false},"shared_teams":{"connectionName":"shared-teams-89a8e09e-8653-4455-b343-202683b333f2","source":"Embedded","id":"/providers/Microsoft.PowerApps/apis/shared_teams","tier":"NotSpecified","apiName":"teams","isProcessSimpleApiReferenceConversionAlreadyDone":false}},"flowFailureAlertSubscribed":false,"isManaged":false}}