{"name":"c0a1ef47-ac81-403f-8c59-b998e3afb14d","id":"/providers/Microsoft.Flow/flows/c0a1ef47-ac81-403f-8c59-b998e3afb14d","type":"Microsoft.Flow/flows","properties":{"apiId":"/providers/Microsoft.PowerApps/apis/shared_logicflows","displayName":"Wireline Collcetion SFTP GET","definition":{"metadata":{"workflowEntityId":null,"processAdvisorMetadata":null,"flowChargedByPaygo":null,"flowclientsuspensionreason":"None","flowclientsuspensiontime":null,"flowclientsuspensionreasondetails":null,"creator":{"id":"5ca9a723-598f-43f1-8c85-ad7b425165d4","type":"User","tenantId":"9242cfad-7d27-4710-9998-e8c4de90927e"},"provisioningMethod":"FromDefinition","failureAlertSubscription":true,"clientLastModifiedTime":"2025-06-25T12:15:27.8577707Z","connectionKeySavedTimeKey":"2025-09-07T01:50:05.002734Z","creationSource":"Portal","modifiedSources":"Portal;Unknown"},"$schema":"https://schema.management.azure.com/providers/Microsoft.Logic/schemas/2016-06-01/workflowdefinition.json#","contentVersion":"undefined","parameters":{"$authentication":{"defaultValue":{},"type":"SecureObject"},"$connections":{"defaultValue":{},"type":"Object"}},"triggers":{"Recurrence":{"recurrence":{"frequency":"Day","interval":1,"timeZone":"SA Western Standard Time","startTime":"2025-05-12T14:00:00.000Z","schedule":{"hours":["8"]}},"metadata":{"operationMetadataId":"dfcbec2f-e838-40c6-b2bd-cee0462d2974"},"type":"Recurrence","description":"The recurrence of the flow is Every Day at 8:30am.  "}},"actions":{"Get_file_content":{"runAfter":{},"metadata":{"operationMetadataId":"295785e4-f14c-46df-8868-b18c167dc39a"},"type":"OpenApiConnection","inputs":{"parameters":{"id":"/B2B Reports/CSG/PROD/Singleview_Account_Aging_@{formatDateTime(utcNow(),'yyyyMMdd')}.csv","inferContentType":true},"host":{"apiId":"/providers/Microsoft.PowerApps/apis/shared_sftpwithssh","connectionName":"shared_sftpwithssh-1","operationId":"GetFileContent"},"authentication":"@parameters('$authentication')"},"description":"Get file with the specific title.  The date it Dynamic looking for the current day in format yyyyMMdd"},"Create_file":{"runAfter":{"Get_file_content":["Succeeded"]},"metadata":{"operationMetadataId":"79a0a1fe-bf58-4a0e-987c-436a6013e99c"},"type":"OpenApiConnection","inputs":{"parameters":{"dataset":"https://libertypr.sharepoint.com/sites/B2B-Reports","folderPath":"/Shared Documents/Wireline Collection/Reports","name":"Singleview_Account_Aging_@{formatDateTime(utcNow(),'yyyyMMdd')}.csv","body":"@body('Get_file_content')"},"host":{"apiId":"/providers/Microsoft.PowerApps/apis/shared_sharepointonline","connectionName":"shared_sharepointonline","operationId":"CreateFile"},"authentication":"@parameters('$authentication')"},"description":"Create a copy of the file from the SFTP on B2B Report Sharepoint.  In the Specific folder \n-Wireline Collection/Reports","runtimeConfiguration":{"contentTransfer":{"transferMode":"Chunked"}}},"Refresh_a_dataset":{"runAfter":{"Create_file":["Succeeded"]},"metadata":{"operationMetadataId":"aa36f6b7-28b4-43ff-8af3-1460d4d47240"},"type":"OpenApiConnection","inputs":{"parameters":{"groupid":"8b995f6e-eadd-42f7-9669-c0df46fe0d4c","datasetid":"7a01aa2d-00f4-4e09-8eaf-0aa8904410b6"},"host":{"apiId":"/providers/Microsoft.PowerApps/apis/shared_powerbi","connectionName":"shared_powerbi","operationId":"RefreshDataset"},"authentication":"@parameters('$authentication')"},"description":"Once the file is created on Sharepoint proceed to refresh the Dataset from PowerBI.\n- Wireline Collection Path"},"Post_card_in_a_chat_or_channel":{"runAfter":{"Delay_for_PowerBI_Refresh":["Succeeded"]},"metadata":{"operationMetadataId":"771b7ad6-a1e1-4bda-8a6a-6fa654546c11"},"type":"OpenApiConnection","inputs":{"parameters":{"poster":"Flow bot","location":"Group chat","body/recipient":"19:meeting_NDc1YjJiYjQtODE2Mi00YTIxLTgyOTctZGMxYmJlMzQwMTM4@thread.v2","body/messageBody":"{\n    \"type\": \"AdaptiveCard\",\n    \"body\": [\n       {\n            \"type\": \"Image\",\n            \"url\": \"https://i.imgur.com/Aby0iSp.png\",\n            \"altText\": \"LibertyBusinessLogo\",\n            \"size\": \"Large\"\n        },\n        {\n            \"type\": \"TextBlock\",\n            \"size\": \"Medium\",\n            \"weight\": \"Bolder\",\n            \"text\": \"Wireline Collection Report\"\n        },\n        {\n            \"type\": \"ColumnSet\",\n            \"columns\": [\n                {\n                    \"type\": \"Column\",\n                    \"items\": [\n                        {\n                            \"type\": \"TextBlock\",\n                            \"weight\": \"Bolder\",\n                            \"text\": \"Obed De Jesús\",\n                            \"wrap\": true\n                        },\n                        {\n                            \"type\": \"TextBlock\",\n                            \"spacing\": \"None\",\n                            \"text\": \" @{formatDateTime(convertTimeZone(utcNow(),'UTC','Atlantic Standard Time'),'MM/dd/yyyy HH:mm')\r\n}\",\n                            \"isSubtle\": true,\n                            \"wrap\": true\n                        }\n                    ],\n                    \"width\": \"stretch\"\n                }\n            ]\n        },\n        {\n            \"type\": \"TextBlock\",\n            \"text\": \"Wireline Collection Report has been successfully uploaded. Will recieve an email letting you know when the report is ready.\",\n            \"wrap\": true\n        }\n    ],\n    \"actions\": [\n        {\n            \"type\": \"Action.OpenUrl\",\n            \"title\": \"Wireline Collection Path Report\",\n            \"url\": \"https://app.powerbi.com/Redirect?action=OpenReport&appId=a5641568-f2b0-4e02-a9c4-0d11f89f8fee&reportObjectId=018752b0-b0a5-4817-952f-faa12c9b7146&ctid=9242cfad-7d27-4710-9998-e8c4de90927e&reportPage=0f5ca64cf8d32f800b5e&pbi_source=appShareLink&portalSessionId=4db44940-a570-4a0b-8280-e25d4996e09a\"\n        }\n    ],\n    \"$schema\": \"https://adaptivecards.io/schemas/adaptive-card.json\",\n    \"version\": \"1.5\"\n}"},"host":{"apiId":"/providers/Microsoft.PowerApps/apis/shared_teams","connectionName":"shared_teams","operationId":"PostCardToConversation"},"authentication":"@parameters('$authentication')"},"description":"Send Adaptive Card to the Group.\n-Wireline Comms - Collection Path"},"Delay_for_PowerBI_Refresh":{"runAfter":{"Refresh_a_dataset":["Succeeded"]},"type":"Wait","inputs":{"interval":{"count":10,"unit":"Minute"}}}},"description":"In way to automate the Wireline Collection Path this automation get file deposited daily on an SFTP run a set of process to automate a PowerBI Report"},"connectionReferences":{"shared_sftpwithssh-1":{"connectionName":"1d343578f2614246bf84f0bee0a54a08","source":"Embedded","id":"/providers/Microsoft.PowerApps/apis/shared_sftpwithssh","tier":"NotSpecified","apiName":"sftpwithssh","isProcessSimpleApiReferenceConversionAlreadyDone":false},"shared_sharepointonline":{"connectionName":"shared-sharepointonl-2726fb54-b952-45d4-a42a-c1d29ce055c8","source":"Embedded","id":"/providers/Microsoft.PowerApps/apis/shared_sharepointonline","tier":"NotSpecified","apiName":"sharepointonline","isProcessSimpleApiReferenceConversionAlreadyDone":false},"shared_powerbi":{"connectionName":"shared-powerbi-04566c92-bd22-4d79-bd71-c7b19edb8faf","source":"Embedded","id":"/providers/Microsoft.PowerApps/apis/shared_powerbi","tier":"NotSpecified","apiName":"powerbi","isProcessSimpleApiReferenceConversionAlreadyDone":false},"shared_teams":{"connectionName":"shared-teams-89a8e09e-8653-4455-b343-202683b333f2","source":"Embedded","id":"/providers/Microsoft.PowerApps/apis/shared_teams","tier":"NotSpecified","apiName":"teams","isProcessSimpleApiReferenceConversionAlreadyDone":false}},"flowFailureAlertSubscribed":false,"isManaged":false}}